id,target
1,7.498351978
2,1.35491639
3,4.895404476
4,13.62767918
5,3.560579944
6,3.605543582
7,3.818670016
8,16.75158505
9,13.28595309
10,14.81137945
11,13.35361817
12,14.12376978
13,2.788283638
14,16.05029173
15,9.996677464
16,6.392161416
17,2.600644193
18,5.764443814
19,17.69143019
20,12.39979334
21,20.71543644
22,0.492879495
23,5.099721006
24,14.99660144
25,6.377722884
26,2.766389381
27,10.42240214
28,8.474542813
29,3.090976832
30,24.94779659
31,10.71255984
32,10.57721272
33,4.963636015
34,19.29567884
35,5.765279075
36,1.659170075
37,17.25858941
38,1.749686398
39,17.81584063
40,11.79280759
41,2.771670226
42,8.372408098
43,4.303442053
44,3.527572237
45,4.056729275
46,3.065041519
47,4.517029493
48,24.98718737
49,7.522080098
50,7.401379066
51,21.33743505
52,6.629625657
53,14.69192471
54,11.60498656
55,0.278262109
56,3.202822447
57,4.128527774
58,5.668302551
59,12.08587059
60,0.097467291
61,4.044197842
62,1.711148721
63,12.75904575
64,14.24679602
65,7.109457475
66,9.555978072
67,20.94884214
68,0.346128331
69,22.30991647
70,12.57376928
71,9.883500399
72,0.110543117
73,2.929669552
74,6.948054636
75,3.138400054
76,13.11733515
77,2.621720305
78,15.26363773
79,8.023922838
80,7.455509402
81,10.91377078
82,24.91705177
83,7.222497138
84,0.289258351
85,0.357684161
86,2.324470536
87,4.628023458
88,6.814253962
89,20.16792168
90,11.40645632
91,13.9543256
92,9.043250373
93,8.913782077
94,20.00968461
95,22.47403167
96,12.11938766
97,20.18854645
98,14.64452582
99,11.50829557
100,11.30355651
101,30.81776795
102,8.315354964
103,1.652534714
104,12.97388212
105,4.384521674
106,3.379548515
107,0.00485337
108,24.75324397
109,4.50208486
110,4.008670385
111,5.804883737
112,16.01315788
113,15.96825191
114,15.62585513
115,9.884833119
116,16.18525643
117,0.415657495
118,7.476688694
119,23.18438396
120,9.335437595
121,26.80613178
122,9.797100706
123,20.43877235
124,0.216602941
125,12.38020662
126,10.28302946
127,2.067357742
128,13.64295109
129,5.797363176
130,7.118096625
131,0.935461183
132,21.96324349
133,6.640893284
134,10.19606482
135,6.099215196
136,0.991101635
137,7.116687077
138,21.71897933
139,6.677204087
140,12.05304775
141,11.49379853
142,11.88479912
143,11.78354319
144,17.9610965
145,14.66689129
146,15.62534004
147,3.604321958
148,4.21533362
149,17.45898025
150,25.23609775
151,13.58990771
152,21.85450634
153,11.98438062
154,28.46188861
155,2.021664623
156,0.045298396
157,5.162404278
158,12.09738735
159,3.137892198
160,2.784582949
161,29.63484887
162,12.68297591
163,1.248984712
164,5.135867319
165,13.56691712
166,6.025287622
167,2.128107191
168,1.185179964
169,0.286929426
170,2.244239337
171,3.954623672
172,1.794478327
173,11.10205685
174,4.230475262
175,4.169511763
176,0.991104315
177,1.200567133
178,16.05931205
179,11.56820637
180,6.238782988
181,14.42470841
182,5.626018306
183,25.60162452
184,7.870301255
185,15.21039435
186,17.06789403
187,1.344201514
188,1.985009125
189,2.952941663
190,15.58875455
191,17.05545578
192,3.711379827
193,0.425665576
194,20.93051276
195,4.064908324
196,23.07648004
197,2.556382281
198,5.709726732
199,1.372885671
200,0.508557158
201,0.09768662
202,12.96923762
203,20.22122516
204,28.13183594
205,10.35900587
206,13.32716677
207,25.7816815
208,14.09917383
209,8.994693919
210,24.61154337
211,3.849521769
212,0.387999934
213,19.35734343
214,2.683363077
215,6.510393051
216,2.287024009
217,15.61749944
218,1.555730262
219,16.68158752
220,1.029168731
221,25.54837484
222,14.92899193
223,13.06834838
224,5.902571849
225,0.539919097
226,15.70525802
227,20.26510231
228,0.900292731
229,8.486837421
230,6.904876333
231,14.41710933
232,2.919051249
233,13.12693846
234,5.850948115
235,2.938695265
236,4.031364952
237,7.593289628
238,13.37861499
239,2.74859059
240,17.40674454
241,11.47819994
242,12.33253463
243,24.78777816
244,2.208212403
245,28.68074342
246,3.477612722
247,0.51357214
248,6.839018948
249,5.979319069
250,7.826770659
251,16.58905861
252,10.8655301
253,17.33886682
254,26.12284754
255,0.545837178
256,15.65091042
257,5.717950942
258,0.21487272
259,7.177293857
260,23.0518783
261,18.85258287
262,12.10620821
263,9.443705371
264,0.223817759
265,15.6482646
266,24.02667079
267,7.566060896
268,4.108473472
269,21.21301821
270,9.250365616
271,8.641884496
272,3.734724264
273,11.97781167
274,12.30624089
275,1.044873707
276,1.876877491
277,7.165595815
278,3.843140939
279,12.12737732
280,3.286565665
281,3.762759149
282,12.27808565
283,10.23464898
284,19.50674129
285,18.7772167
286,1.451699676
287,0.624623642
288,11.64273844
289,6.319521226
290,18.33596631
291,1.709055079
292,8.198868055
293,5.53133165
294,6.327193344
295,20.64225789
296,7.200670597
297,6.19316124
298,7.076362735
299,0.979854896
300,6.025658615
301,9.370878787
302,14.5812663
303,12.97915752
304,5.915188686
305,22.68324977
306,3.469349559
307,2.104287677
308,20.60077065
309,17.89854165
310,13.33557937
311,9.330006649
312,6.073584877
313,3.41396618
314,18.32159711
315,3.672398676
316,9.678121246
317,2.905994758
318,1.55801874
319,16.95945928
320,14.66515256
321,8.364030182
322,2.821797601
323,23.41914176
324,9.92341913
325,8.314241315
326,19.24564888
327,3.913409228
328,2.220849597
329,16.37241651
330,25.49128087
331,4.970452411
332,29.69789073
333,13.30264169
334,6.718859718
335,13.71767235
336,0.83072573
337,17.87520764
338,19.63194359
339,4.400391443
340,1.131451987
341,11.29399655
342,4.459988028
343,11.98853326
344,14.89850375
345,4.094425426
346,7.07269596
347,5.441795711
348,22.99923406
349,20.30947732
350,3.9880757
351,15.61783393
352,6.07483371
353,4.711703138
354,14.50076846
355,15.84655343
356,11.06769763
357,4.861799365
358,5.279129748
359,5.33148145
360,20.58920494
361,10.54029354
362,13.7854159
363,2.334850741
364,16.97874133
365,18.90524465
366,0.45657145
367,4.013468078
368,26.49234352
369,0.597630798
370,4.48148903
371,7.217528828
372,9.584130925
373,2.291810106
374,18.0555886
375,30.06207145
376,2.511530026
377,17.29141807
378,4.304643386
379,8.296585429
380,18.20041734
381,1.38669332
382,8.912886051
383,28.33260875
384,4.191316752
385,20.90894074
386,4.989618678
387,22.03838001
388,6.956093763
389,26.82893765
390,13.00259827
391,6.303806384
392,4.035497458
393,9.991881233
394,3.190026659
395,0.148901598
396,3.481896245
397,7.302678097
398,7.086520359
399,29.39303404
400,2.427556265
401,5.757704713
402,1.372327897
403,26.32696104
404,29.18064221
405,14.58707853
406,6.019392044
407,4.047024729
408,33.25722664
409,9.658255159
410,2.980992275
411,0.152814866
412,0.809881815
413,6.549534128
414,2.851456216
415,16.32113796
416,30.11085889
417,2.290845399
418,15.97682979
419,7.628213462
420,11.11613501
421,6.985412919
422,1.277139742
423,11.15616446
424,12.96463806
425,17.86258492
426,1.432513388
427,15.60319551
428,13.33067969
429,11.99699028
430,20.55534584
431,18.64738395
432,12.02382835
433,4.542731203
434,1.740453364
435,9.92678618
436,4.677749526
437,7.617033523
438,2.928570047
439,4.34085439
440,3.956523908
441,1.344698683
442,10.62647135
443,20.04638927
444,6.095963056
445,28.64954719
446,0.832154887
447,6.722116403
448,26.93809163
449,4.491861956
450,17.29754187
451,9.212764527
452,10.38834569
453,5.871496435
454,0.42832386
455,0.476429688
456,4.543474308
457,14.1422216
458,1.186317268
459,22.91113189
460,7.431156315
461,4.938482913
462,10.99850096
463,1.718448783
464,4.48148903
465,3.647714828
466,4.973632938
467,1.800311845
468,10.09415429
469,1.575972587
470,18.40553858
471,4.409859925
472,19.97917801
473,6.098575203
474,5.08364072
475,7.544684005
476,9.074659155
477,0.954452366
478,18.33764594
479,5.543172062
480,20.41292214
481,3.663271868
482,13.18136561
483,22.77225767
484,13.25764792
485,5.724436487
486,19.16730965
487,16.62776511
488,7.821599893
489,12.23365354
490,4.433575808
491,7.460066442
492,2.837007769
493,15.96667163
494,30.59762594
495,30.81726703
496,0.559723165
497,21.18570715
498,14.71683739
499,5.535925069
500,10.73094955
501,18.7488627
502,5.627555976
503,3.364443254
504,9.443855642
505,21.92633275
506,22.65738418
507,5.336543194
508,3.222662764
509,21.61425576
510,10.6355037
511,10.07901156
512,0.559176737
513,8.427693735
514,13.86901756
515,4.633879425
516,5.089920515
517,22.2472661
518,8.372408098
519,1.873872911
520,4.905572856
521,3.072599485
522,1.75183177
523,3.004387573
524,10.43653172
525,7.576571094
526,11.57397529
527,2.000960776
528,22.55974976
529,9.262473236
530,29.11929439
531,12.75864128
532,14.48025392
533,21.98001071
534,6.152540498
535,33.30108293
536,13.30485735
537,3.797040605
538,3.52172551
539,12.4285046
540,26.78591363
541,7.999459726
542,1.013610404
543,25.28056033
544,2.597933756
545,12.71910841
546,8.430184766
547,2.71247927
548,4.829882218
549,27.9202279
550,6.537117237
551,2.033981275
552,4.135793373
553,22.26855104
554,2.352410605
555,9.400445183
556,2.603268459
557,7.463256046
558,1.950875103
559,19.122095
560,20.66994535
561,28.57591363
562,9.445791594
563,2.222615956
564,25.52712674
565,12.32955938
566,4.072203108
567,8.532800637
568,1.17073243
569,1.699668274
570,33.63829524
571,3.783010651
572,8.848324798
573,1.809215979
574,15.17104899
575,2.690088619
576,13.71767235
577,22.83408124
578,8.455316135
579,11.39076979
580,1.43728957
581,9.386279967
582,6.991405187
583,9.65489782
584,11.44110908
585,10.69444108
586,21.3065421
587,12.89800448
588,17.95669423
589,17.60158771
590,2.10231256
591,10.22812672
592,10.45836291
593,10.43192758
594,22.0812458
595,30.87793132
596,0.10010614
597,12.96392628
598,2.855753942
599,10.97261635
600,20.64663917
601,13.01532436
602,1.560650595
603,13.28433497
604,15.97399671
605,11.33729933
606,23.04903575
607,8.823577451
608,3.949627429
609,3.117792114
610,8.89195006
611,16.17170893
612,16.88447626
613,7.067634131
614,7.859871027
615,8.837332687
616,0.397734503
617,0.628222895
618,12.80308366
619,14.1965634
620,32.94802832
621,21.6292757
622,8.618413647
623,15.50051104
624,14.75826121
625,6.762645597
626,2.427647781
627,8.167355702
628,3.946958185
629,13.64788221
630,28.98383563
631,24.24554788
632,10.57693454
633,8.167437914
634,3.255165728
635,5.384400356
636,13.76760538
637,21.28155249
638,3.098582432
639,4.364305421
640,36.03990187
641,10.80427994
642,7.882177022
643,6.857220378
644,2.623539128
645,11.79508529
646,10.4982178
647,1.579402373
648,20.98335408
649,11.88479912
650,14.25546465
651,3.957508041
652,4.416796845
653,1.985598918
654,6.173676534
655,15.88336759
656,5.003781363
657,8.381201046
658,8.356751687
659,9.377205609
660,20.92532698
661,11.56966876
662,9.634806037
663,16.47059598
664,11.80420298
665,2.256899585
666,8.598301015
667,9.709077746
668,0.624226716
669,16.92641331
670,4.571508386
671,8.871391836
672,29.84664767
673,14.25250843
674,1.643604895
675,21.0307939
676,9.675093858
677,22.41917267
678,15.53099608
679,8.973467733
680,5.271993834
681,17.39627319
682,11.94339519
683,10.71906534
684,5.152387677
685,8.525181686
686,16.65195238
687,4.074925972
688,6.879104649
689,1.997267712
690,1.799979774
691,1.511003107
692,4.709336752
693,11.64226426
694,10.96795136
695,3.614281112
696,15.48940698
697,4.322712652
698,3.112085719
699,0.784477043
700,5.634566141
701,0.687066722
702,1.895501654
703,5.47055426
704,4.381392646
705,22.26456246
706,20.05947994
707,7.261420002
708,22.1137376
709,2.35290367
710,3.897832789
711,25.70424768
712,0.581421346
713,19.78928949
714,3.223020777
715,2.593514326
716,10.76310356
717,0.800428537
718,8.505115353
719,11.27315471
720,1.934049861
721,14.46408717
722,22.32442685
723,5.641809498
724,21.10360134
725,2.227301491
726,18.91522332
727,17.46754575
728,7.293044679
729,6.955951395
730,16.27953399
731,14.11734218
732,9.96376387
733,1.99155225
734,3.101898312
735,2.42791449
736,4.396170022
737,0.683663643
738,12.20868453
739,4.738735333
740,3.032837612
741,2.059718541
742,2.392003741
743,16.93321694
744,8.284721777
745,15.1979259
746,10.46612613
747,14.01155875
748,14.80190508
749,0.784340312
750,32.18819168
751,12.64575867
752,19.9837123
753,29.66923318
754,8.518572001
755,7.597723769
756,8.209061141
757,1.925098572
758,14.12066567
759,0.824103211
760,12.10763599
761,12.91486435
762,2.527666934
763,9.612382631
764,20.87848074
765,9.367084038
766,19.14906004
767,19.39276346
768,23.85645999
769,0.515416128
770,1.139244609
771,7.340899482
772,2.869632001
773,20.22318189
774,3.883890155
775,4.036941367
776,6.347640142
777,9.867840182
778,2.873333288
779,8.567562085
780,3.648029582
781,7.457500137
782,18.01551506
783,2.895517536
784,20.75045402
785,7.565079953
786,4.490682689
787,2.581523125
788,0.670059278
789,1.17915051
790,1.806405821
791,11.5565329
792,13.43891756
793,14.64047443
794,20.87565653
795,13.03371147
796,13.09139012
797,24.47496471
798,10.54683028
799,3.300682422
800,2.816401813
801,13.44124363
802,31.93423839
803,2.989602706
804,21.95508909
805,3.231934242
806,5.579576933
807,2.970796653
808,14.21662705
809,1.347544546
810,2.015715323
811,2.355769855
812,21.50032772
813,27.24153465
814,1.322532018
815,15.14911261
816,1.811817
817,20.59431088
818,10.00920507
819,3.321167427
820,2.615608165
821,3.151478438
822,2.473605087
823,2.263253174
824,5.893748391
825,0.84914736
826,14.69834134
827,9.567192392
828,9.801344471
829,3.38231487
830,5.02945206
831,4.861799365
832,4.298966324
833,14.54891496
834,17.12248491
835,6.115106832
836,27.23437694
837,4.719352009
838,13.09587511
839,6.529016558
840,11.04525353
841,12.63031144
842,30.1701496
843,26.20135491
844,8.961707963
845,18.87843717
846,22.43596104
847,3.24473057
848,21.96360261
849,19.33046254
850,6.968992221
851,7.577087795
852,17.56661785
853,11.62183008
854,6.899337435
855,7.747450563
856,14.37242147
857,2.867290087
858,20.8786821
859,4.818662753
860,4.154057702
861,0.165203382
862,0.096010578
863,24.24452762
864,2.54090996
865,11.00958544
866,9.155578626
867,22.7093566
868,4.780718404
869,16.7060739
870,16.88266552
871,17.66100868
872,17.86069178
873,2.809218976
874,7.630240114
875,2.76373343
876,30.17245761
877,18.49338035
878,5.690990945
879,24.74794613
880,4.917119481
881,27.89706175
882,4.747555708
883,1.177045887
884,23.30185059
885,25.14059936
886,12.86300564
887,23.71117689
888,0.501546073
889,29.86452283
890,4.797336843
891,1.128745655
892,19.9837123
893,21.9829492
894,15.96753276
895,7.162229146
896,1.49203261
897,17.27824125
898,13.93568826
899,0.288051345
900,15.57440157
901,1.744391681
902,5.395098604
903,32.4046327
904,6.664721847
905,20.91958536
906,8.88592211
907,4.133348916
908,1.034632509
909,1.052221248
910,6.542812371
911,11.97845608
912,23.76323777
913,11.14570925
914,14.40437411
915,0.130078354
916,7.647225582
917,18.94394766
918,5.356860632
919,4.435750451
920,6.648646673
921,17.98071498
922,5.188721886
923,1.142161364
924,25.48128845
925,14.95744976
926,5.746750866
927,19.69377683
928,1.873456962
929,22.71175266
930,3.624002987
931,23.9482374
932,13.47367918
933,20.44232354
934,18.77824342
935,4.543474308
936,26.74066889
937,9.992173369
938,16.01554484
939,13.29097001
940,0.405383777
941,3.016873041
942,22.54392231
943,15.17589547
944,0.058926466
945,3.918513377
946,7.596946297
947,1.587935759
948,3.311921117
949,19.26871733
950,2.52346195
951,6.54380499
952,3.83525532
953,12.22211945
954,6.204589592
955,30.95696436
956,0.052568822
957,18.7850339
958,29.39605605
959,12.35538138
960,9.710794415
961,13.12997098
962,11.04567255
963,11.88479912
964,5.659702888
965,0.650504535
966,13.3366711
967,1.068500318
968,9.400107427
969,10.94341605
970,19.93964263
971,2.873333288
972,9.654294617
973,0.984035078
974,6.582161535
975,17.52696022
976,20.43517288
977,2.332115046
978,30.84186771
979,17.4800769
980,6.229298152
981,8.398254217
982,2.720191169
983,22.52075402
984,14.59576922
985,3.002780978
986,3.268270774
987,0.880711471
988,14.37896403
989,11.8585641
990,0.140866452
991,27.0874515
992,2.220798464
993,2.707467685
994,20.98335408
995,8.386424465
996,21.75334583
997,8.416131721
998,8.044336447
999,2.283811348
1000,16.43678547
1001,10.92722103
1002,5.039229729
1003,4.104553596
1004,14.80249209
1005,11.08866549
1006,20.12975584
1007,16.96841817
1008,15.31292607
1009,3.718053846
1010,23.35969149
1011,6.178278818
1012,1.592906364
1013,12.83716993
1014,0.631113499
1015,20.44736198
1016,18.87926254
1017,5.354147342
1018,14.0447402
1019,1.621296323
1020,11.58069937
1021,2.24757374
1022,7.924015748
1023,13.573001
1024,19.56715468
1025,12.78631153
1026,0.741398711
1027,20.94397424
1028,13.43678379
1029,14.44912431
1030,16.06111551
1031,3.317760614
1032,17.33180111
1033,8.187987678
1034,26.1582752
1035,0.210117273
1036,14.47546125
1037,5.861354018
1038,3.091064838
1039,12.1653505
1040,20.92814377
1041,14.52177778
1042,6.637488491
1043,19.33223277
1044,18.62492681
1045,11.51832046
1046,21.55059364
1047,0.835445453
1048,6.419907723
1049,15.37988571
1050,5.241984839
1051,4.832228906
1052,1.833797719
1053,19.74900506
1054,10.88983789
1055,1.426788915
1056,5.729599841
1057,7.544713496
1058,6.444932866
1059,16.73874237
1060,1.971375861
1061,6.07021081
1062,7.210087788
1063,5.915188686
1064,1.694434835
1065,6.20885843
1066,5.579647013
1067,5.766968841
1068,14.43213706
1069,13.84213142
1070,1.346233673
1071,15.68757816
1072,25.89085737
1073,6.51671272
1074,8.326476018
1075,12.66751172
1076,14.01329858
1077,15.0984601
1078,16.61060462
1079,0.775481375
1080,5.639879184
1081,2.562218691
1082,1.988148052
1083,2.869943309
1084,8.625498495
1085,7.720435312
1086,2.730505886
1087,4.053785217
1088,2.341207546
1089,23.29375762
1090,27.5391855
1091,19.87598623
1092,6.361984634
1093,24.20191664
1094,0.442290336
1095,17.47390852
1096,5.175915829
1097,3.592167823
1098,17.93652334
1099,0.894828938
1100,2.615608165
1101,10.3953561
1102,6.415217125
1103,11.47561251
1104,24.01877469
1105,37.04004942
1106,13.5316679
1107,1.695988307
1108,6.527946105
1109,15.99642206
1110,2.740745604
1111,16.15447495
1112,2.479393032
1113,4.657328972
1114,8.887852806
1115,6.343918352
1116,9.537434544
1117,0.516441432
1118,1.684550833
1119,12.66263305
1120,0.919144282
1121,17.43322962
1122,1.048755923
1123,20.12641897
1124,22.18750654
1125,2.874567887
1126,2.560617098
1127,3.507886041
1128,5.387138077
1129,0.31815263
1130,6.400306608
1131,24.25277465
1132,4.599305373
1133,3.641694871
1134,3.614438996
1135,1.48655462
1136,10.27341404
1137,20.24635394
1138,0.652121928
1139,18.39337052
1140,3.555824075
1141,6.870186229
1142,18.3306372
1143,22.09608455
1144,24.00974316
1145,11.14570925
1146,5.93039653
1147,22.64722359
1148,11.88479912
1149,1.321450838
1150,1.386718953
1151,28.42045037
1152,0.943499778
1153,19.09079573
1154,14.23826968
1155,6.870368942
1156,3.1920436
1157,3.146787299
1158,0.119834708
1159,28.32219066
1160,0.497100761
1161,1.462523324
1162,21.39058575
1163,17.79998047
1164,16.24722345
1165,20.19663865
1166,11.57475827
1167,2.379795741
1168,2.348887278
1169,18.81568577
1170,3.177982132
1171,17.84800379
1172,18.47329046
1173,14.2410575
1174,13.1546072
1175,20.30759094
1176,1.197306564
1177,1.356137525
1178,8.588962981
1179,8.104390984
1180,0.172157701
1181,19.48061674
1182,4.201542731
1183,11.62930061
1184,5.03743079
1185,3.343127351
1186,15.71932209
1187,22.53921078
1188,10.10129947
1189,22.70566185
1190,2.681227564
1191,0.771766564
1192,1.880112508
1193,21.3461195
1194,16.91618193
1195,2.726595252
1196,17.04979453
1197,3.846680023
1198,17.23190293
1199,2.38448337
1200,3.469847876
1201,5.733219307
1202,17.40189231
1203,20.96007708
1204,15.08823564
1205,5.396233812
1206,1.382850954
1207,13.73244899
1208,0.183209047
1209,19.13096993
1210,2.375919981
1211,22.40294526
1212,0.758984937
1213,14.5890256
1214,14.48900352
1215,2.680163946
1216,3.390625928
1217,2.377614584
1218,23.5597155
1219,10.15091219
1220,2.168178174
1221,21.01580561
1222,2.047083976
1223,0.401362356
1224,1.04910879
1225,1.552949915
1226,3.576358802
1227,0.898598922
1228,16.97311671
1229,17.04998067
1230,17.14921009
1231,1.166692067
1232,1.27128629
1233,16.32240168
1234,22.14039349
1235,2.269464563
1236,3.469077984
1237,8.813228854
1238,7.874999026
1239,3.672398676
1240,5.952785702
1241,0.425593798
1242,30.21629708
1243,2.757146143
1244,11.60074801
1245,14.27398391
1246,15.25153113
1247,1.52127898
1248,15.08822957
1249,7.280408107
1250,0.534581895
1251,9.986451299
1252,7.723388003
1253,3.110366158
1254,9.659507204
1255,1.628834943
1256,0.479695565
1257,12.96460682
1258,22.31616778
1259,18.10626779
1260,6.573546887
1261,25.70249735
1262,12.61241394
1263,0.918358952
1264,2.878225379
1265,19.21747748
1266,10.6580294
1267,5.023824963
1268,11.63340732
1269,15.36426357
1270,5.622242587
1271,1.338271358
1272,19.77855624
1273,14.35563602
1274,8.763276733
1275,7.833737808
1276,7.649233776
1277,17.0226894
1278,10.54991999
1279,31.04014918
1280,23.23668375
1281,0.799506188
1282,13.60162409
1283,1.489093785
1284,9.404615989
1285,10.73464006
1286,9.832288465
1287,21.87032056
1288,18.82901508
1289,12.53594998
1290,10.99159217
1291,8.223907247
1292,6.034417375
1293,0.084136265
1294,7.77983342
1295,11.42979738
1296,2.45030703
1297,3.075599162
1298,5.762572902
1299,9.193658859
1300,18.82504951
1301,13.78267756
1302,5.639982947
1303,20.04176158
1304,4.90528104
1305,14.46893437
1306,22.82152431
1307,3.188537514
1308,15.27349498
1309,10.44332709
1310,9.625962141
1311,6.237172704
1312,15.91826794
1313,8.128738409
1314,8.695407942
1315,23.11803034
1316,12.10008954
1317,14.20245736
1318,19.29738497
1319,2.68345087
1320,2.350008067
1321,2.98988466
1322,0.190869417
1323,6.826677695
1324,10.94995358
1325,2.769316676
1326,5.586561701
1327,7.778344556
1328,11.85424401
1329,17.8252021
1330,11.964334
1331,15.38390475
1332,1.421690334
1333,5.004155497
1334,2.925121459
1335,1.217055126
1336,6.072321953
1337,7.478390118
1338,22.89890434
1339,26.23358678
1340,3.099723249
1341,0.902048107
1342,10.66321336
1343,30.57391446
1344,10.16534695
1345,8.593055696
1346,6.503758673
1347,2.363402341
1348,25.22559236
1349,9.66622163
1350,4.064268494
1351,2.527029476
1352,2.093959952
1353,8.745260179
1354,15.16496658
1355,9.795068512
1356,2.107414881
1357,6.947456883
1358,16.48513698
1359,1.102324991
1360,18.56800723
1361,9.599406275
1362,4.34796341
1363,11.33746451
1364,12.30067991
1365,23.21385834
1366,5.327994915
1367,14.34964663
1368,25.41984651
1369,1.07508603
1370,3.740120379
1371,29.05552736
1372,21.56408486
1373,11.79280759
1374,11.1257152
1375,5.439758947
1376,0.788640682
1377,28.03501976
1378,1.302147559
1379,16.78101628
1380,5.872758505
1381,4.317427362
1382,0.492565751
1383,3.127862185
1384,0.990494552
1385,6.247850406
1386,9.784457623
1387,1.669776944
1388,2.063829782
1389,1.510927456
1390,28.27471902
1391,4.136961549
1392,1.350241734
1393,9.825444164
1394,7.579633968
1395,3.549026606
1396,4.080502096
1397,13.27294624
1398,4.049568628
1399,13.84854406
1400,24.23866962
1401,9.681041821
1402,5.84833855
1403,7.590507321
1404,13.66668496
1405,11.02236504
1406,6.665488766
1407,22.52185576
1408,19.81194812
1409,19.68365436
1410,1.854408151
1411,5.796688541
1412,3.217826533
1413,1.1903823
1414,9.279308072
1415,24.76894305
1416,30.57043879
1417,14.16564396
1418,14.1611378
1419,1.782717511
1420,27.46543957
1421,8.021822721
1422,14.40343783
1423,1.254112309
1424,23.59608713
1425,25.1351112
1426,3.566222406
1427,37.01028525
1428,15.34130968
1429,13.08543758
1430,0.349296536
1431,27.33544026
1432,4.847436057
1433,14.78492257
1434,11.80420298
1435,19.28784777
1436,11.68374079
1437,22.22130625
1438,3.306753539
1439,1.424559311
1440,22.7587579
1441,0.424015149
1442,17.42702098
1443,4.12698947
1444,1.855955101
1445,4.95685829
1446,0.875261474
1447,13.76485464
1448,6.977597471
1449,0.871617081
1450,9.312674116
1451,14.69173299
1452,4.820428985
1453,3.088991613
1454,8.05652209
1455,5.745296068
1456,2.051008648
1457,15.99829081
1458,2.92050979
1459,0.481502634
1460,20.94734662
1461,21.38051391
1462,14.19264242
1463,17.16512586
1464,31.9596014
1465,16.29878094
1466,20.69591713
1467,6.190864999
1468,0.270696918
1469,4.416121373
1470,21.55761525
1471,18.78414424
1472,15.37603932
1473,13.12421625
1474,21.25662487
1475,31.05748342
1476,6.256435107
1477,8.469344227
1478,0.806458109
1479,8.73644156
1480,0.022313275
1481,1.964015993
1482,0.238318885
1483,31.43219757
1484,15.40907256
1485,0.910144176
1486,13.64534003
1487,5.996964317
1488,12.90850838
1489,24.8492524
1490,5.377066255
1491,16.84985866
1492,28.36503636
1493,16.87035899
1494,3.094521407
1495,5.542562313
1496,9.834317874
1497,9.230474711
1498,7.36462158
1499,1.578508399
1500,4.565698967
1501,10.00235921
1502,2.108088113
1503,7.564695401
1504,5.288092131
1505,2.289322235
1506,26.44112664
1507,1.694199146
1508,6.164453299
1509,11.90496871
1510,4.180053373
1511,0.97805946
1512,11.02558119
1513,1.49820001
1514,0.703111688
1515,20.49110714
1516,1.88763894
1517,1.751051551
1518,8.929850424
1519,3.555781203
1520,2.310696112
1521,11.25603248
1522,11.83834758
1523,21.04679583
1524,12.28740227
1525,11.14570925
1526,9.451576557
1527,2.553460584
1528,2.73387686
1529,21.4970197
1530,0.853048515
1531,11.42563698
1532,12.08329992
1533,1.843104277
1534,4.103144984
1535,6.355130156
1536,7.696177558
1537,2.238242304
1538,12.69518941
1539,14.12770281
1540,15.32296757
1541,5.197442947
1542,26.10087157
1543,0.278041244
1544,1.725863172
1545,4.007876947
1546,14.00715031
1547,5.269583439
1548,19.23491101
1549,0.240882293
1550,9.971044651
1551,8.543306745
1552,13.34127173
1553,1.679575741
1554,18.94600288
1555,1.480739839
1556,2.178011031
1557,12.3649545
1558,2.679340666
1559,20.92254196
1560,6.07717525
1561,3.70209581
1562,7.457863117
1563,14.09917383
1564,3.987576955
1565,6.995023252
1566,0.735922161
1567,22.90185485
1568,16.48483645
1569,4.548658498
1570,2.967126166
1571,2.217699961
1572,5.416371676
1573,1.029277201
1574,0.329779654
1575,4.651872388
1576,0.917917166
1577,5.072824779
1578,19.79192365
1579,15.4505008
1580,10.45404635
1581,20.12624763
1582,18.35773168
1583,21.73501401
1584,12.46079833
1585,7.669742793
1586,5.00313505
1587,3.227913874
1588,2.856551759
1589,25.86973583
1590,14.02753768
1591,18.80675552
1592,14.98148929
1593,21.99605276
1594,11.72028927
1595,2.810130726
1596,4.305823086
1597,3.912951506
1598,1.517140888
1599,12.45521761
1600,2.452629227
1601,5.9178113
1602,0.717175885
1603,0.172223817
1604,15.41026395
1605,2.926505025
1606,6.280113295
1607,2.915658018
1608,2.250900726
1609,6.382044721
1610,16.57048186
1611,4.849443459
1612,14.63467213
1613,2.993055619
1614,13.37496363
1615,16.14384234
1616,5.525033297
1617,14.15406205
1618,11.5868429
1619,1.525091872
1620,9.208612812
1621,6.071836666
1622,4.406044434
1623,2.012340217
1624,29.31721317
1625,19.29122902
1626,22.97922971
1627,17.41378734
1628,7.912529907
1629,0.112280211
1630,7.777303964
1631,3.887252462
1632,4.722259174
1633,8.321238733
1634,16.30654085
1635,8.64335282
1636,26.92224379
1637,3.420554842
1638,1.742090735
1639,13.55420129
1640,1.657994192
1641,10.86115406
1642,7.169096324
1643,20.91476043
1644,13.11040827
1645,1.697351866
1646,3.453837224
1647,2.765508432
1648,22.8894246
1649,17.85161922
1650,2.641455508
1651,10.1673619
1652,1.062485052
1653,5.188841572
1654,9.521898772
1655,7.577964353
1656,9.017872443
1657,1.117098405
1658,2.906706846
1659,9.883455337
1660,1.393894484
1661,17.81298685
1662,12.95891778
1663,5.468370387
1664,0.481708756
1665,5.751460288
1666,2.242303724
1667,0.257133981
1668,4.010477901
1669,4.486039184
1670,0.977058594
1671,1.312963185
1672,1.069631611
1673,15.83033219
1674,3.586148486
1675,12.53378556
1676,11.16119461
1677,20.08285572
1678,20.56087917
1679,16.91427063
1680,13.32767969
1681,10.8506635
1682,18.82593894
1683,3.389853118
1684,17.62633583
1685,27.08210338
1686,4.095718515
1687,4.279722458
1688,12.95894633
1689,14.8927107
1690,4.525109733
1691,8.640241394
1692,4.746967573
1693,14.94890444
1694,5.164149967
1695,0.66189508
1696,5.346383335
1697,14.23293968
1698,8.146869237
1699,0.546903972
1700,19.85266814
1701,24.39395672
1702,11.69083881
1703,8.704649204
1704,0.580783536
1705,9.614086939
1706,6.974714698
1707,11.52540068
1708,0.008060756
1709,0.905811382
1710,3.934567527
1711,12.62615275
1712,1.65849047
1713,11.88479912
1714,24.14285751
1715,0.55785401
1716,16.95376371
1717,18.05430276
1718,2.072925171
1719,24.35508569
1720,6.168499791
1721,2.686502474
1722,10.73095134
1723,11.80420298
1724,6.754932925
1725,5.217160633
1726,4.384993231
1727,7.756137865
1728,10.67421878
1729,13.18819332
1730,21.66994249
1731,9.346145086
1732,13.12066732
1733,11.02449393
1734,5.561832309
1735,28.69154514
1736,7.657384832
1737,11.25402442
1738,14.68774104
1739,1.528501692
1740,33.58570423
1741,14.19489464
1742,1.259718367
1743,3.25374458
1744,21.6010889
1745,0.028564812
1746,7.134479331
1747,7.145643119
1748,23.7103922
1749,5.341739173
1750,2.579633151
1751,2.783702078
1752,8.475857788
1753,2.180757384
1754,1.48928257
1755,5.007740963
1756,21.85450634
1757,15.68682203
1758,16.59306338
1759,2.776674386
1760,17.84656538
1761,20.83812956
1762,4.149309401
1763,26.84827506
1764,8.101676781
1765,1.459940116
1766,8.82366031
1767,0.022711487
1768,22.76480623
1769,22.71775801
1770,19.74900506
1771,7.419374635
1772,18.08521665
1773,10.61755675
1774,3.868432529
1775,7.973716157
1776,8.697918825
1777,17.90385624
1778,1.013732296
1779,1.345208897
1780,1.603183104
1781,0.884519812
1782,17.3626199
1783,6.600086296
1784,3.783214248
1785,0.098071335
1786,18.32975397
1787,1.406317602
1788,3.903710025
1789,4.937216761
1790,8.694535331
1791,3.052125283
1792,10.64428304
1793,4.568735098
1794,10.64791104
1795,2.975794819
1796,3.734724264
1797,23.91773399
1798,7.259767152
1799,7.475574286
1800,15.45569091
1801,0.49628354
1802,0.40957306
1803,11.82541281
1804,2.178203927
1805,0.484447202
1806,12.21631905
1807,13.84854406
1808,14.80418603
1809,7.428856599
1810,6.214317166
1811,7.66634843
1812,7.404264069
1813,13.72637226
1814,1.813753758
1815,15.7749767
1816,0.441433845
1817,1.710269386
1818,4.031364952
1819,6.509978483
1820,0.051091115
1821,4.545841587
1822,10.05565906
1823,5.856043428
1824,3.541154915
1825,2.000273932
1826,10.33289114
1827,1.72478197
1828,0.998496122
1829,18.95599327
1830,1.199083365
1831,4.984176275
1832,5.19754605
1833,20.39173642
1834,22.12350863
1835,0.472250541
1836,5.606113545
1837,7.677459841
1838,4.198011003
1839,7.939470765
1840,22.73288077
1841,18.38514093
1842,5.97989182
1843,1.475181299
1844,2.81231912
1845,13.6799387
1846,1.650419418
1847,3.467498064
1848,7.371112958
1849,10.77251505
1850,14.40653312
1851,19.11052609
1852,11.06890268
1853,12.87601382
1854,3.871212688
1855,2.118447631
1856,10.47351594
1857,14.88332665
1858,12.92244947
1859,2.187526325
1860,10.66056719
1861,9.137690241
1862,8.157150236
1863,7.51073689
1864,5.676035111
1865,10.73027663
1866,21.22827607
1867,1.752687173
1868,3.142460484
1869,6.336008483
1870,1.383950883
1871,6.07483371
1872,20.15682065
1873,5.336543194
1874,3.330258025
1875,16.59639521
1876,3.734121979
1877,6.08229191
1878,0.456471272
1879,11.80420298
1880,19.84027229
1881,7.388943115
1882,4.357985197
1883,15.08856356
1884,24.18988933
1885,6.354069909
1886,4.640287959
1887,16.29760817
1888,9.637336776
1889,2.801404779
1890,2.092475626
1891,6.205615438
1892,18.26541802
1893,1.597525091
1894,1.419815297
1895,6.172056892
1896,21.48650657
1897,3.606770165
1898,10.8143726
1899,6.908844685
1900,6.319506209
1901,17.13208663
1902,4.380343194
1903,25.48945992
1904,15.2014581
1905,2.976803598
1906,9.254171838
1907,3.303198493
1908,16.09152061
1909,1.22659423
1910,13.36189186
1911,12.8239685
1912,9.074327104
1913,25.89917863
1914,16.61490237
1915,12.62660727
1916,27.0023598
1917,3.144400084
1918,2.382089553
1919,8.601409043
1920,18.03817855
1921,4.660508084
1922,21.74576245
1923,8.865399448
1924,13.28775343
1925,12.97081663
1926,2.340105267
1927,6.542310859
1928,20.10074251
1929,1.177130644
1930,14.49245829
1931,28.88209062
1932,6.818470182
1933,15.63287736
1934,2.139993708
1935,7.167702906
1936,0.826314956
1937,2.538073719
1938,0.967855508
1939,2.413217501
1940,5.434386355
1941,12.51969125
1942,2.696706545
1943,5.280776572
1944,16.22613405
1945,2.421084823
1946,29.37559061
1947,1.719527786
1948,10.02432916
1949,2.926537908
1950,7.903776541
1951,1.358381945
1952,20.85396685
1953,5.396233812
1954,5.039574752
1955,8.77965997
1956,2.158659596
1957,7.930775801
1958,15.90396198
1959,4.477873834
1960,2.044034173
1961,1.777331
1962,19.77634281
1963,9.361084315
1964,10.72933187
1965,23.40257369
1966,24.31214581
1967,16.00445634
1968,3.283481656
1969,2.486825696
1970,0.14139381
1971,6.598513006
1972,3.857687097
1973,17.21709638
1974,10.42240214
1975,5.423258014
1976,15.40326839
1977,2.076262233
1978,2.323270877
1979,7.593083541
1980,13.93488763
1981,18.35263254
1982,8.056413373
1983,16.60230096
1984,0.206487068
1985,2.062593761
1986,0.057666604
1987,1.997540284
1988,27.94289672
1989,4.453905066
1990,29.02966935
1991,2.408321864
1992,18.91647567
1993,6.749340702
1994,7.312007051
1995,4.055819974
1996,17.82997394
1997,2.359109983
1998,8.055812095
1999,2.636373195
2000,5.572816924
2001,9.086113713
2002,8.117270415
2003,8.008587697
2004,22.94419881
2005,19.89330834
2006,11.76764475
2007,10.88360393
2008,0.57032488
2009,0.515725246
2010,1.574075924
2011,32.62594123
2012,12.79037802
2013,0.458101348
2014,0.346128331
2015,9.293124819
2016,5.901522731
2017,0.957195367
2018,9.520925439
2019,1.707231984
2020,1.462983067
2021,11.84890653
2022,11.34966915
2023,5.349106691
2024,21.68308075
2025,2.043858252
2026,16.57813238
2027,6.353451988
2028,10.05762807
2029,11.79280759
2030,8.694028168
2031,21.21569778
2032,5.778129283
2033,13.38666553
2034,5.000980737
2035,11.21965639
2036,9.152533192
2037,15.30399489
2038,0.069628084
2039,3.508643937
2040,25.7455223
2041,21.09770168
2042,20.94836248
2043,6.74390227
2044,11.81973224
2045,4.338102718
2046,8.008587697
2047,5.839385587
2048,20.25412671
2049,13.36728597
2050,12.42868834
2051,16.12341501
2052,9.244549576
2053,4.091605869
2054,14.66400215
2055,7.307814233
2056,18.6679646
2057,28.11305179
2058,18.036369
2059,1.569604114
2060,3.794231491
2061,14.80629289
2062,0.01675727
2063,17.65795277
2064,6.505746761
2065,3.07645865
2066,0.408003684
2067,1.080139219
2068,4.945993999
2069,1.281477532
2070,22.56185135
2071,26.67794782
2072,21.31870069
2073,23.68443396
2074,14.00552179
2075,18.43583419
2076,5.92821962
2077,32.01142469
2078,10.13738129
2079,0.929510973
2080,20.76797031
2081,25.82340875
2082,4.990735085
2083,0.882425472
2084,9.561134462
2085,5.28480634
2086,19.57947579
2087,1.861399892
2088,7.277964766
2089,6.949503163
2090,12.95551389
2091,5.514098278
2092,14.67320151
2093,4.750057202
2094,22.95094204
2095,19.61247958
2096,15.886196
2097,11.05308391
2098,11.42979738
2099,24.41471655
2100,3.177127136
2101,16.2102141
2102,6.467859872
2103,12.01723535
2104,5.333977466
2105,20.80854911
2106,10.79382705
2107,22.11077884
2108,1.057212367
2109,4.019919134
2110,1.399971131
2111,10.16661991
2112,1.913649421
2113,1.252935227
2114,18.31975202
2115,6.40136691
2116,0.073681397
2117,12.80124297
2118,21.57199371
2119,7.035741291
2120,0.380123754
2121,6.446462761
2122,5.437874009
2123,5.478879214
2124,19.36642118
2125,6.570694901
2126,13.41028228
2127,3.430092639
2128,1.223725491
2129,12.71174919
2130,7.190809309
2131,11.08710145
2132,15.74983467
2133,8.721018555
2134,29.04876737
2135,3.196671329
2136,21.82878091
2137,8.454567695
2138,0.332647452
2139,6.027332227
2140,21.73020789
2141,16.45949508
2142,22.97887228
2143,11.1713464
2144,6.253699615
2145,9.307749743
2146,15.69975553
2147,15.51011527
2148,24.67060247
2149,0.45734633
2150,1.300049608
2151,8.339362062
2152,17.54173677
2153,1.04035169
2154,14.80287361
2155,20.66305159
2156,1.911097344
2157,19.06773266
2158,1.574552448
2159,31.32899034
2160,1.170364072
2161,18.44871899
2162,0.87724245
2163,19.87751987
2164,6.825247083
2165,0.611760684
2166,14.10621123
2167,11.23305132
2168,11.92815492
2169,15.58968029
2170,4.415483203
2171,11.36598359
2172,12.49986745
2173,1.044873707
2174,5.455024816
2175,1.687113042
2176,2.692787823
2177,7.656098195
2178,20.12293546
2179,7.14464428
2180,13.36033551
2181,11.93939543
2182,5.987500416
2183,11.0214098
2184,5.158900231
2185,12.88407067
2186,19.64516217
2187,26.02135805
2188,1.676074048
2189,12.16910105
2190,18.53113673
2191,11.21099902
2192,20.11616128
2193,17.08818761
2194,6.054020211
2195,17.30810396
2196,17.65664248
2197,2.3442774
2198,14.01090124
2199,16.1327095
2200,4.513462166
2201,4.070101052
2202,5.044447408
2203,12.07842172
2204,0.126991274
2205,14.2410575
2206,6.498667722
2207,1.785617938
2208,1.642137323
2209,3.245437744
2210,13.83709086
2211,3.777449267
2212,2.92808525
2213,4.329533291
2214,4.780160393
2215,0.100591189
2216,0.01307934
2217,6.30826224
2218,20.67389604
2219,21.19213654
2220,32.18390435
2221,19.49901207
2222,13.7901979
2223,3.603781148
2224,6.285941956
2225,7.716731963
2226,8.870798299
2227,8.734357263
2228,0.358871824
2229,20.22000709
2230,0.964183799
2231,8.878331258
2232,13.02385518
2233,9.441572854
2234,9.96103297
2235,6.418456984
2236,1.025594169
2237,31.70089908
2238,12.44054411
2239,3.30964154
2240,13.63555269
2241,11.34468082
2242,0.56213411
2243,5.055066674
2244,14.04864437
2245,9.830817095
2246,13.27955293
2247,4.094829578
2248,15.94086023
2249,10.21305644
2250,15.04846172
2251,18.71715165
2252,7.603711552
2253,3.97683519
2254,23.0217526
2255,16.63270868
2256,0.072299811
2257,1.627808306
2258,1.768695393
2259,14.43190419
2260,2.970009158
2261,3.166551331
2262,18.61694644
2263,15.76212809
2264,0.797872308
2265,25.00937864
2266,8.091615456
2267,3.132999693
2268,16.8079131
2269,3.330328561
2270,5.004155497
2271,30.39154132
2272,3.473635532
2273,5.042639261
2274,19.92091019
2275,6.129782555
2276,0.952054784
2277,6.0061049
2278,4.779280737
2279,1.255772074
2280,1.754061436
2281,0.517552927
2282,20.24996734
2283,22.37305796
2284,23.38070879
2285,10.06758243
2286,2.940731487
2287,2.255066276
2288,13.95043355
2289,0.477893439
2290,23.06565139
2291,20.7672608
2292,3.843509381
2293,8.796278092
2294,19.81059519
2295,0.789669759
2296,2.015081865
2297,3.794736072
2298,3.051289816
2299,15.06750887
2300,3.246339248
2301,22.03825847
2302,7.809717086
2303,2.007370093
2304,1.054389361
2305,18.79304603
2306,1.958394347
2307,24.41267942
2308,25.21331001
2309,0.676550982
2310,4.852772151
2311,10.08927183
2312,3.660826404
2313,12.81207838
2314,19.53832242
2315,17.99938254
2316,18.46193668
2317,13.17908603
2318,7.148109223
2319,15.84655343
2320,3.13449686
2321,2.14122141
2322,23.8965979
2323,22.47317362
2324,1.359502766
2325,17.6313469
2326,11.82225496
2327,7.438970604
2328,11.68197901
2329,3.477682188
2330,22.40137719
2331,30.57373654
2332,12.51955586
2333,11.13185097
2334,3.37671868
2335,0.346622778
2336,18.1359635
2337,0.463928061
2338,11.01270222
2339,8.286869612
2340,3.373016927
2341,9.004903488
2342,1.74765833
2343,6.027332227
2344,7.176033745
2345,12.53297488
2346,21.1872793
2347,3.753857864
2348,0.261591549
2349,9.814120074
2350,15.57890932
2351,5.010116704
2352,15.91334948
2353,21.43279188
2354,9.611517734
2355,17.9924606
2356,4.414844407
2357,15.94727212
2358,3.653379568
2359,6.037033842
2360,13.33817402
2361,6.659002171
2362,4.998200127
2363,13.91410693
2364,2.607229403
2365,0.347431924
2366,9.593095697
2367,0.905739265
2368,3.07825958
2369,17.15654528
2370,13.05735355
2371,20.8581064
2372,10.30641815
2373,16.17567476
2374,16.10532836
2375,4.608368679
2376,11.41851196
2377,3.693535705
2378,1.967345428
2379,28.96023861
2380,4.481439989
2381,5.63278759
2382,2.845124818
2383,4.389017583
2384,15.97157278
2385,22.88960425
2386,10.12496048
2387,21.81403323
2388,3.228556178
2389,3.223656649
2390,2.361520307
2391,1.096148871
2392,12.21465105
2393,2.46296317
2394,8.726221751
2395,2.096055879
2396,0.82783657
2397,15.1374565
2398,10.51055491
2399,20.01901693
2400,2.449803387
2401,3.178858413
2402,10.88849683
2403,1.42888389
2404,6.893103058
2405,4.008388135
2406,8.060743268
2407,4.393058609
2408,13.1707505
2409,11.76764475
2410,4.441821822
2411,20.45529226
2412,6.934276594
2413,20.11589794
2414,2.959775625
2415,15.45047769
2416,20.53553798
2417,3.565894771
2418,10.46816886
2419,4.884460056
2420,3.108736482
2421,3.676523556
2422,1.042695564
2423,16.46488935
2424,18.13534587
2425,5.506904789
2426,7.161440541
2427,16.2149621
2428,22.10155387
2429,28.36975937
2430,3.293232278
2431,3.933404097
2432,29.60764752
2433,30.062685
2434,1.823421773
2435,7.652780178
2436,1.540456724
2437,28.43046004
2438,19.74900506
2439,8.639394234
2440,17.60161461
2441,3.293193746
2442,29.09029752
2443,3.138085807
2444,12.32072659
2445,30.63202923
2446,9.153766301
2447,11.01287841
2448,20.34044061
2449,12.29009981
2450,15.59389025
2451,2.055776212
2452,22.73727984
2453,7.087936504
2454,21.68308075
2455,0.544039506
2456,7.519185812
2457,0.172142141
2458,10.45603013
2459,1.649247948
2460,18.78976553
2461,3.119809797
2462,3.113401665
2463,6.903943113
2464,1.753689316
2465,20.848099
2466,11.54407096
2467,1.133966812
2468,11.29855795
2469,15.65263659
2470,9.52197059
2471,22.6650653
2472,5.004196073
2473,0.117942022
2474,15.38351976
2475,5.022904965
2476,4.438447824
2477,10.09209136
2478,0.935014732
2479,4.430337437
2480,14.17362845
2481,4.74129011
2482,1.858047165
2483,3.429050733
2484,4.615422584
2485,8.433476159
2486,15.38586466
2487,23.76049819
2488,22.21580106
2489,15.38246306
2490,18.98244995
2491,17.21957706
2492,12.10197277
2493,14.76333051
2494,16.79779245
2495,15.66000427
2496,5.402820574
2497,3.635866106
2498,20.83697236
2499,25.4680013
2500,8.447175529
2501,3.893059085
2502,2.106411608
2503,1.620058207
2504,8.380271211
2505,6.289819217
2506,2.438118897
2507,6.875122627
2508,24.48014304
2509,1.948466548
2510,1.811810106
2511,0.271882032
2512,32.25599857
2513,17.38060255
2514,7.996300747
2515,10.57015001
2516,25.06751644
2517,23.29080538
2518,5.520768083
2519,4.18840013
2520,25.79675423
2521,3.944806657
2522,2.989615835
2523,22.09763719
2524,1.666190862
2525,12.31525839
2526,8.45262177
2527,15.05879267
2528,5.73710028
2529,1.554383017
2530,9.453075784
2531,5.904969538
2532,23.59232026
2533,14.55750501
2534,1.754061436
2535,11.58561068
2536,1.345730048
2537,4.0287453
2538,9.092344052
2539,13.67041041
2540,7.343377028
2541,0.627021488
2542,15.15335798
2543,0.34866482
2544,14.28947086
2545,19.91872795
2546,9.579689061
2547,11.34090135
2548,26.24961339
2549,21.05776596
2550,10.5456578
2551,8.289392264
2552,17.43213897
2553,7.883579078
2554,1.245200186
2555,2.08068275
2556,30.86877056
2557,3.801677328
2558,2.115886464
2559,0.63885708
2560,1.851013152
2561,19.47687564
2562,10.7882664
2563,13.32604519
2564,21.51354978
2565,19.62106225
2566,7.572626339
2567,5.231011992
2568,2.237567252
2569,15.82110402
2570,18.12721247
2571,17.77097571
2572,23.30270491
2573,4.90210571
2574,14.02431656
2575,6.323341535
2576,16.1495692
2577,13.87623493
2578,22.19904617
2579,3.073730917
2580,5.587083405
2581,7.628213462
2582,12.91262255
2583,12.32293309
2584,16.64224921
2585,6.457832562
2586,2.606507123
2587,3.256769943
2588,23.18180378
2589,10.73672592
2590,5.730733233
2591,13.05003514
2592,22.79785886
2593,12.21300795
2594,11.76108808
2595,23.20518996
2596,5.369900115
2597,28.35688757
2598,0.354126896
2599,1.133660146
2600,1.075046738
2601,1.201691924
2602,29.84664767
2603,24.43967464
2604,15.50884617
2605,14.70682298
2606,7.504884783
2607,0.887335116
2608,9.63211444
2609,2.1709626
2610,5.898613973
2611,3.132231074
2612,7.197616889
2613,1.556788657
2614,4.548807121
2615,4.8282258
2616,5.319522296
2617,3.780554162
2618,1.458191746
2619,5.290469857
2620,30.67371506
2621,5.587000189
2622,3.768259223
2623,1.027933333
2624,6.463444262
2625,0.077393609
2626,5.954654357
2627,9.085743259
2628,8.899848742
2629,4.152911967
2630,28.04938138
2631,1.976768763
2632,30.07929396
2633,8.477617263
2634,8.304030456
2635,12.29496469
2636,9.111410751
2637,6.169712056
2638,1.879690468
2639,12.46652165
2640,0.8461339
2641,1.97527522
2642,2.165428823
2643,12.08013241
2644,3.594513099
2645,0.594919009
2646,31.67512148
2647,6.204953003
2648,9.05270624
2649,15.70755217
2650,1.235590613
2651,1.154776689
2652,7.454569353
2653,12.75130666
2654,23.40257369
2655,10.28636572
2656,6.6340751
2657,3.904075329
2658,16.51107083
2659,2.269010799
2660,2.209310211
2661,3.388988123
2662,11.70673663
2663,6.612128943
2664,10.78806865
2665,6.479867067
2666,21.77865238
2667,1.848614882
2668,17.89275259
2669,23.52454194
2670,21.67126308
2671,2.81090169
2672,3.110862881
2673,23.41189422
2674,2.152919368
2675,5.946087393
2676,30.94989564
2677,17.46785826
2678,6.79702521
2679,18.30990444
2680,17.09228708
2681,6.947870674
2682,4.479098049
2683,7.971321494
2684,18.76291941
2685,7.508557491
2686,19.18663912
2687,12.70526794
2688,19.39623783
2689,21.50858549
2690,13.81998588
2691,14.89794646
2692,13.65501803
2693,5.408730652
2694,21.07026573
2695,16.19340666
2696,32.36044818
2697,11.56712378
2698,1.828301221
2699,1.141286507
2700,1.425844981
2701,10.35534328
2702,14.61414912
2703,12.40982859
2704,3.240523858
2705,3.922871057
2706,2.131127213
2707,8.297224803
2708,15.79927866
2709,4.47781788
2710,11.337896
2711,8.949759333
2712,4.298083649
2713,6.283531277
2714,1.506810581
2715,13.51303703
2716,6.456894255
2717,20.12768625
2718,4.48973971
2719,22.7571314
2720,5.831662681
2721,5.14858861
2722,10.01089656
2723,3.089948015
2724,11.31451347
2725,11.92151556
2726,5.309509273
2727,0.758667868
2728,5.669574893
2729,3.112407644
2730,5.138189671
2731,19.82706807
2732,2.157904262
2733,1.112916337
2734,4.24176961
2735,13.7841035
2736,5.347795657
2737,2.799091219
2738,2.655041129
2739,2.859803196
2740,4.00698678
2741,1.476265312
2742,10.55917076
2743,7.388943115
2744,8.181966275
2745,0.568426247
2746,24.54609399
2747,1.426179065
2748,15.56187835
2749,11.9952414
2750,8.592008015
2751,21.87271157
2752,2.044136153
2753,2.008723805
2754,14.61132045
2755,4.249727364
2756,6.61755392
2757,13.45970759
2758,3.808080143
2759,9.822930013
2760,3.557167009
2761,3.655372231
2762,21.98001071
2763,22.04789054
2764,15.87324192
2765,26.97795396
2766,1.033458606
2767,9.384339131
2768,32.67557089
2769,1.245207246
2770,19.8904438
2771,4.944238981
2772,24.52524624
2773,2.091902746
2774,1.139049823
2775,9.420913066
2776,2.228294971
2777,3.460284717
2778,15.44973888
2779,0.120358641
2780,6.271224016
2781,15.99226754
2782,7.941392484
2783,17.45549803
2784,21.24818654
2785,4.294806502
2786,12.14485044
2787,19.14780166
2788,24.34137866
2789,12.0050015
2790,11.74762487
2791,17.53488364
2792,4.797436001
2793,0.176767209
2794,9.321466364
2795,22.56125638
2796,15.97438419
2797,17.78881157
2798,4.395997034
2799,17.3278295
2800,21.10778909
2801,13.73065078
2802,12.48721694
2803,0.704276498
2804,0.784992931
2805,19.34342784
2806,1.017971203
2807,10.93398153
2808,19.96934367
2809,24.98409018
2810,10.98046297
2811,1.167814588
2812,18.5186474
2813,6.058682196
2814,5.295833662
2815,11.8584322
2816,5.374122012
2817,6.531552764
2818,2.250507493
2819,2.27592782
2820,29.56228287
2821,13.48604462
2822,22.50640425
2823,12.66345521
2824,6.216309274
2825,26.79546262
2826,0.671125166
2827,15.05150771
2828,5.263985781
2829,18.84868409
2830,2.430384609
2831,14.40653312
2832,0.847626614
2833,0.221356847
2834,6.297142502
2835,5.450083544
2836,5.39433166
2837,13.17201565
2838,21.29893535
2839,15.97519346
2840,10.18865251
2841,1.945013095
2842,0.971623957
2843,12.28545047
2844,0.771558122
2845,16.81638691
2846,1.097199161
2847,2.084867698
2848,2.212767943
2849,17.4811215
2850,2.857517185
2851,14.8817886
2852,8.691850829
2853,0.232670398
2854,4.604925663
2855,1.009294773
2856,5.714891109
2857,13.28560301
2858,6.178871815
2859,6.631944186
2860,3.036284427
2861,2.796834792
2862,33.17142627
2863,6.727298174
2864,9.787174897
2865,14.67550057
2866,19.67181258
2867,6.370364956
2868,17.29206931
2869,11.57293714
2870,1.891860065
2871,26.14208127
2872,9.835908489
2873,2.833011831
2874,14.95406295
2875,20.31738369
2876,12.21034607
2877,10.02382764
2878,22.96855148
2879,6.943309404
2880,10.88206358
2881,9.218507592
2882,0.597652884
2883,5.688917099
2884,2.091902746
2885,21.12583179
2886,0.636052219
2887,5.347795657
2888,3.792956178
2889,0.581010063
2890,2.616634325
2891,1.99704361
2892,21.54004873
2893,7.628213462
2894,14.37711777
2895,20.91412487
2896,0.63694033
2897,10.84514181
2898,12.97388212
2899,17.9930422
2900,3.768141041
2901,7.817481912
2902,3.596680865
2903,3.789053937
2904,1.951322779
2905,20.55361851
2906,16.47062153
2907,11.28580082
2908,20.37288296
2909,21.04811642
2910,21.0045684
2911,1.079192288
2912,7.511820578
2913,5.527351451
2914,2.996506903
2915,20.79226507
2916,30.21859132
2917,0.654918894
2918,4.049568628
2919,14.66304767
2920,7.943351969
2921,17.30573691
2922,0.119323763
2923,6.974714698
2924,2.676738948
2925,21.47901048
2926,12.9652044
2927,3.646748329
2928,0.953107896
2929,5.700079323
2930,17.60314656
2931,12.01569774
2932,16.65451045
2933,3.650133011
2934,10.23004233
2935,2.924533016
2936,16.3996563
2937,0.196983688
2938,12.52708915
2939,28.8832088
2940,2.093368794
2941,27.08416423
2942,18.91712802
2943,2.41108636
2944,21.69969315
2945,3.332671377
2946,2.613430916
2947,26.66971878
2948,5.119779705
2949,12.24114337
2950,0.198580989
2951,2.468538322
2952,1.540814049
2953,20.50893291
2954,2.20474279
2955,30.1081295
2956,3.078266171
2957,2.522965618
2958,1.281612493
2959,3.255165728
2960,20.57129648
2961,26.34022793
2962,19.83842943
2963,5.375369093
2964,8.801623395
2965,0.21487272
2966,0.146086509
2967,16.96641697
2968,3.867452168
2969,21.82211961
2970,4.059421115
2971,9.818193261
2972,7.895859992
2973,5.396233812
2974,8.827404199
2975,13.69135827
2976,3.175576704
2977,2.511832743
2978,12.66874855
2979,0.502552872
2980,0.391147847
2981,18.60036542
2982,4.209478649
2983,3.077965051
2984,1.581744963
2985,19.24953354
2986,5.018356726
2987,0.671625112
2988,12.67216268
2989,15.47084969
2990,9.783991944
2991,1.396327851
2992,10.04141225
2993,4.065916732
2994,22.79915254
2995,9.682068757
2996,10.92713853
2997,3.54746336
2998,4.865164185
2999,18.18328197
3000,2.835898301
3001,19.75433742
3002,7.230455243
3003,3.161692491
3004,28.35777191
3005,1.73815513
3006,2.76297746
3007,6.837813899
3008,22.74288446
3009,3.291844639
3010,2.591342048
3011,19.41829197
3012,16.51639536
3013,2.733997213
3014,2.043432702
3015,1.71026364
3016,8.822005891
3017,2.703739432
3018,0.899029847
3019,7.752837862
3020,29.30877253
3021,7.4441474
3022,0.200434763
3023,8.734709814
3024,15.45310138
3025,18.52774752
3026,1.563634202
3027,22.22113097
3028,1.122055682
3029,1.423158437
3030,8.624469877
3031,0.292734829
3032,38.17902908
3033,3.072599485
3034,5.35352871
3035,10.21965452
3036,4.92692071
3037,15.75874248
3038,5.347795657
3039,11.6709404
3040,4.010409173
3041,11.47631984
3042,13.53578971
3043,14.98534255
3044,14.44543013
3045,9.944765647
3046,11.8638936
3047,17.98716786
3048,0.800428537
3049,6.103223218
3050,5.701565899
3051,22.56232705
3052,27.01445925
3053,3.856873439
3054,30.08987993
3055,17.13179073
3056,4.2153308
3057,11.88479912
3058,12.33029891
3059,5.929958757
3060,11.36574034
3061,2.619092126
3062,1.073081501
3063,18.12265844
3064,12.40164213
3065,2.239262676
3066,10.73672592
3067,7.474304995
3068,19.55123581
3069,25.37999171
3070,10.88301965
3071,0.7526421
3072,4.991798927
3073,18.16590872
3074,11.59440753
3075,15.92035838
3076,18.04749106
3077,25.67505193
3078,0.924335141
3079,22.41159884
3080,16.20314203
3081,30.95987556
3082,15.24551249
3083,5.465006076
3084,8.997415478
3085,1.684434288
3086,7.658560652
3087,2.298486859
3088,11.12120165
3089,20.92839895
3090,8.625498495
3091,3.110825858
3092,2.492320636
3093,5.563371005
3094,0.242232006
3095,15.36327633
3096,1.973024398
3097,5.598875005
3098,23.96330824
3099,9.415011413
3100,17.13787741
3101,8.300383051
3102,2.949058071
3103,3.549111193
3104,6.074668397
3105,8.355970181
3106,4.593959182
3107,1.195554884
3108,19.95993753
3109,14.19479002
3110,16.20492451
3111,13.86911919
3112,1.847343553
3113,6.786123558
3114,14.4346223
3115,0.202738251
3116,20.71543644
3117,15.95002712
3118,4.113154627
3119,1.285438973
3120,6.16143176
3121,3.672398676
3122,2.918986269
3123,8.537012953
3124,17.48031979
3125,18.18531382
3126,3.085754148
3127,1.589761587
3128,2.507800391
3129,1.180065621
3130,14.13434647
3131,6.312313082
3132,4.935539638
3133,16.62638785
3134,15.00351377
3135,11.75872787
3136,0.817005916
3137,26.31781686
3138,20.70779295
3139,27.70738446
3140,8.799899648
3141,11.12754141
3142,5.438342405
3143,27.33130411
3144,14.3103483
3145,30.48686804
3146,8.752059124
3147,29.62807262
3148,11.86698387
3149,12.04728765
3150,0.038085781
3151,9.633531058
3152,2.306206201
3153,4.536910862
3154,4.689340306
3155,1.840177523
3156,2.202116375
3157,15.93413207
3158,2.806804688
3159,10.61628452
3160,13.45099163
3161,20.47636859
3162,15.5774466
3163,14.48429766
3164,2.492696054
3165,18.38431514
3166,16.95945928
3167,20.89141307
3168,27.71572582
3169,20.69673912
3170,0.118705814
3171,18.39356385
3172,4.007255306
3173,14.88221094
3174,3.028506254
3175,22.64047907
3176,1.240584026
3177,24.16793838
3178,5.19017886
3179,1.930107122
3180,9.367084038
3181,2.510736602
3182,10.9603869
3183,0.814946486
3184,1.523949085
3185,8.82366031
3186,27.80713769
3187,0.293802624
3188,21.12523775
3189,19.55604534
3190,12.42019959
3191,1.491188037
3192,5.699011604
3193,7.090060888
3194,0.173480153
3195,2.454262124
3196,1.652706141
3197,10.80334521
3198,2.399243025
3199,11.36811916
3200,24.96312136
3201,10.91377078
3202,14.69219088
3203,2.869433928
3204,18.13525721
3205,0.507739133
3206,22.01074611
3207,11.17166292
3208,11.47551818
3209,8.114977355
3210,8.37426485
3211,14.36718862
3212,15.46001742
3213,15.83130904
3214,17.74202401
3215,1.477586341
3216,22.26139499
3217,9.728426696
3218,8.164504444
3219,7.825363033
3220,3.062073959
3221,1.289158018
3222,20.14223518
3223,3.175484152
3224,5.319364477
3225,13.83045662
3226,1.081353105
3227,10.12089297
3228,2.443594656
3229,5.516203312
3230,2.735088716
3231,14.33012272
3232,0.214648155
3233,21.12581287
3234,20.17623793
3235,20.27145219
3236,5.108478903
3237,7.436111914
3238,8.625498495
3239,16.02315841
3240,8.691798903
3241,4.70340362
3242,8.12527994
3243,17.67714078
3244,4.812494289
3245,2.851424589
3246,4.92457259
3247,5.007560805
3248,23.3939414
3249,19.5880054
3250,5.441795711
3251,4.259202936
3252,18.17055453
3253,3.636177472
3254,1.774951394
3255,21.0082663
3256,9.489657517
3257,4.481439989
3258,1.910075195
3259,17.04206489
3260,9.843447056
3261,25.66362652
3262,4.006649227
3263,1.987259744
3264,33.93316534
3265,19.57656537
3266,5.675931035
3267,12.79599549
3268,3.518713524
3269,20.12897884
3270,8.52767034
3271,4.211273004
3272,3.73406078
3273,8.068849602
3274,15.33965859
3275,4.432535339
3276,1.834648183
3277,5.715444996
3278,5.063522175
3279,10.27950101
3280,2.584538066
3281,12.33677724
3282,7.894572621
3283,6.617680713
3284,19.26559375
3285,10.54683028
3286,3.098526926
3287,3.716435209
3288,16.02962502
3289,1.636575075
3290,18.85306993
3291,15.42182209
3292,20.26168729
3293,0.643662734
3294,14.00601654
3295,0.797129486
3296,12.86265052
3297,11.55376375
3298,16.88982277
3299,5.279794948
3300,2.509502186
3301,1.992185241
3302,12.10008954
3303,5.076161216
3304,3.823773911
3305,22.49672455
3306,13.66833598
3307,22.93937758
3308,25.1549568
3309,2.736221168
3310,0.449075526
3311,22.37477915
3312,18.11914816
3313,2.527355937
3314,14.70762517
3315,4.64256142
3316,25.2257858
3317,1.310802137
3318,0.483959232
3319,7.208712269
3320,6.821611987
3321,11.48819811
3322,26.57048452
3323,5.969336151
3324,14.377079
3325,4.987562603
3326,6.011472093
3327,2.52203699
3328,0.951568047
3329,3.303109244
3330,2.145357565
3331,14.90929565
3332,6.907109166
3333,4.482488619
3334,20.85021897
3335,1.010391246
3336,1.586166215
3337,6.828281014
3338,13.95738593
3339,20.66082928
3340,3.981650215
3341,17.86981786
3342,14.90084749
3343,4.590720089
3344,26.7834434
3345,5.01080551
3346,0.123895114
3347,4.032155696
3348,27.47915634
3349,2.761965693
3350,20.98335408
3351,3.963131457
3352,24.12988201
3353,21.06081069
3354,14.7105485
3355,19.73908012
3356,2.245276956
3357,21.15693271
3358,5.306501017
3359,4.982557038
3360,20.09089777
3361,24.49770378
3362,21.55095663
3363,7.288954964
3364,23.41077315
3365,3.138314651
3366,7.904294803
3367,4.865674812
3368,6.377991622
3369,0.523509228
3370,8.961707963
3371,0.015584905
3372,3.990212827
3373,1.438318644
3374,0.667958796
3375,7.303979649
3376,17.99569682
3377,7.727112287
3378,9.778351894
3379,4.45516721
3380,19.14475068
3381,17.11161183
3382,5.023688927
3383,13.8040617
3384,8.624657709
3385,3.108610041
3386,4.603705648
3387,20.46119942
3388,1.616517542
3389,9.413787361
3390,2.930081055
3391,2.415426403
3392,0.475552428
3393,2.660006272
3394,0.022789586
3395,1.521773226
3396,4.173347884
3397,1.087907357
3398,7.706638783
3399,4.873723439
3400,14.00266854
3401,24.60106386
3402,0.724599938
3403,5.894345949
3404,5.877710565
3405,22.34325477
3406,6.52812838
3407,4.830887306
3408,7.059849804
3409,6.000160244
3410,2.516116619
3411,5.916944231
3412,27.4519117
3413,1.005283055
3414,9.72971971
3415,9.520385642
3416,3.888478296
3417,11.49539749
3418,7.596946297
3419,28.9201779
3420,3.038570474
3421,2.785498061
3422,15.19267866
3423,1.189034672
3424,0.981485715
3425,0.608715608
3426,13.9784368
3427,13.0401508
3428,22.79992343
3429,1.964015993
3430,9.724119089
3431,5.125821357
3432,26.376042
3433,17.80963475
3434,5.708882211
3435,0.629945304
3436,24.64390213
3437,2.557873218
3438,19.38086122
3439,20.00692688
3440,12.41247131
3441,2.29580317
3442,17.81217102
3443,10.47101808
3444,12.89988443
3445,16.0545215
3446,6.679033243
3447,0.988043915
3448,1.115334654
3449,13.58990771
3450,13.08484572
3451,5.467786841
3452,14.03127792
3453,11.10435943
3454,14.50591522
3455,5.621807503
3456,7.495177266
3457,13.46032323
3458,2.986303651
3459,0.797129486
3460,26.44919018
3461,10.44260788
3462,17.1626329
3463,1.480038805
3464,8.484009751
3465,10.32489572
3466,1.632538137
3467,1.073921375
3468,6.354000344
3469,1.440659906
3470,19.60165306
3471,12.5724187
3472,10.5180551
3473,16.2500797
3474,5.304971141
3475,2.747651149
3476,24.33863995
3477,13.16872408
3478,10.84966993
3479,35.84984831
3480,10.09411557
3481,14.16060339
3482,22.12189438
3483,3.305658861
3484,0.213197621
3485,21.06458735
3486,8.755309989
3487,0.458763422
3488,10.21448714
3489,3.251571948
3490,8.938662526
3491,9.416483765
3492,7.462868427
3493,1.689595448
3494,7.428855732
3495,2.232880375
3496,5.556892386
3497,15.61441072
3498,17.60519291
3499,3.184230013
3500,20.26668466
3501,13.90155916
3502,12.37614374
3503,1.032470919
3504,29.73590137
3505,3.797059878
3506,21.7043375
3507,18.66696999
3508,32.4527652
3509,0.708575249
3510,19.79700029
3511,10.04979457
3512,13.73394361
3513,2.049437358
3514,21.60279208
3515,31.9354503
3516,4.814897478
3517,0.845438013
3518,33.92520866
3519,15.34855706
3520,18.27923923
3521,10.88854056
3522,8.995971338
3523,0.035002908
3524,11.40633347
3525,2.080823124
3526,12.93181541
3527,1.486181296
3528,21.94044386
3529,6.011004699
3530,28.1549614
3531,10.41397131
3532,12.81109008
3533,27.71517362
3534,7.306826648
3535,2.261831625
3536,13.65590879
3537,0.984762546
3538,17.7023396
3539,2.421084823
3540,1.295689238
3541,1.228827772
3542,26.31112923
3543,1.807171502
3544,14.12168936
3545,16.53904794
3546,2.85015132
3547,10.69461415
3548,4.15071397
3549,31.09390422
3550,24.36594025
3551,6.210464687
3552,7.779586903
3553,31.8216437
3554,3.846680023
3555,11.81019107
3556,14.24153687
3557,22.58149647
3558,1.197476669
3559,10.88860793
3560,27.3790961
3561,8.070641599
3562,19.79477407
3563,0.89766864
3564,8.203587153
3565,8.484531156
3566,2.950160621
3567,3.599751975
3568,28.05204541
3569,11.23319779
3570,12.53048259
3571,3.219946053
3572,10.72166441
3573,18.81453117
3574,11.05971584
3575,4.445079342
3576,1.119613267
3577,0.229970855
3578,21.53961203
3579,13.95072095
3580,20.9286179
3581,1.899334738
3582,7.492417082
3583,0.828127609
3584,16.28926601
3585,8.625498495
3586,0.97177725
3587,1.555140123
3588,6.162588752
3589,11.95665228
3590,4.591262509
3591,24.35316683
3592,14.32131513
3593,17.51747603
3594,2.515620816
3595,2.235160858
3596,22.67997596
3597,22.74357815
3598,3.677963833
3599,21.04579283
3600,15.74352759
3601,1.99933614
3602,1.164065261
3603,14.35660091
3604,19.45892596
3605,23.57254385
3606,28.18288087
3607,12.6456812
3608,9.311118099
3609,32.60773946
3610,20.37992606
3611,24.138073
3612,6.779968253
3613,4.665803644
3614,5.711356702
3615,5.005765894
3616,23.39707615
3617,0.368599833
3618,2.003419869
3619,29.89967444
3620,9.374951189
3621,9.953319332
3622,6.052236564
3623,18.95745199
3624,3.115012083
3625,3.185885733
3626,19.46061343
3627,11.28128651
3628,9.171189197
3629,1.429318472
3630,0.238802673
3631,22.45805473
3632,8.952042055
3633,11.75353481
3634,3.596680865
3635,26.31977296
3636,2.872431013
3637,28.25046032
3638,10.62744705
3639,8.340332616
3640,0.259832152
3641,15.73532669
3642,20.77680762
3643,6.002326577
3644,20.25439497
3645,11.50220625
3646,8.620049488
3647,6.106623787
3648,11.70673663
3649,11.00568527
3650,0.51613251
3651,7.405223761
3652,17.51238467
3653,4.072953673
3654,12.23376741
3655,9.3641678
3656,3.082283812
3657,1.259661183
3658,1.073081501
3659,16.59373021
3660,8.11458068
3661,1.037932073
3662,10.47215184
3663,2.776552809
3664,10.56110061
3665,7.214851037
3666,3.703130492
3667,6.249413903
3668,16.33565296
3669,2.45838189
3670,1.739771371
3671,3.875751273
3672,17.91546919
3673,6.757544583
3674,13.06819132
3675,24.60495935
3676,23.54330788
3677,9.734093024
3678,17.12745802
3679,18.68347675
3680,0.038769076
3681,25.40341749
3682,5.066957644
3683,14.34289066
3684,4.58832333
3685,23.92104605
3686,7.731013688
3687,1.743029046
3688,0.219197253
3689,12.22489519
3690,0.378390802
3691,8.718932294
3692,4.725444995
3693,14.26133527
3694,13.24059365
3695,10.11883794
3696,21.73203715
3697,30.32549023
3698,2.580038334
3699,6.660699936
3700,9.298455483
3701,3.740375447
3702,18.18445875
3703,11.31999784
3704,12.13719037
3705,17.99875765
3706,0.278262109
3707,3.975521429
3708,8.724077984
3709,2.614318157
3710,21.22121072
3711,3.814708419
3712,4.128014639
3713,4.220981331
3714,2.982722731
3715,3.345499343
3716,1.343429594
3717,5.0815068
3718,14.78026975
3719,3.117376485
3720,1.627024555
3721,9.716358399
3722,0.638740419
3723,6.34552289
3724,8.256399188
3725,12.59712886
3726,2.039605931
3727,21.24266298
3728,8.3060856
3729,18.91975909
3730,3.977816148
3731,21.43329732
3732,22.53879344
3733,20.82849845
3734,13.30093843
3735,11.68025766
3736,3.888402948
3737,6.352005087
3738,29.11496113
3739,3.288498862
3740,16.26142786
3741,6.054888715
3742,4.736549221
3743,24.93724633
3744,2.71353694
3745,10.20176709
3746,10.92832886
3747,8.501748139
3748,4.482311227
3749,1.029572513
3750,7.219357705
3751,8.216695864
3752,4.26371313
3753,2.226663904
3754,17.74857106
3755,1.136762763
3756,6.264249616
3757,21.37028697
3758,11.34728465
3759,8.229147558
3760,22.40598438
3761,6.833841879
3762,3.270642619
3763,16.63492167
3764,9.835027917
3765,8.898549921
3766,27.39019451
3767,14.02431656
3768,23.40208563
3769,1.961671222
3770,24.07685029
3771,1.869305156
3772,3.149749175
3773,8.074907659
3774,9.572399876
3775,3.591372683
3776,18.27484831
3777,2.46268742
3778,18.94841084
3779,10.68361896
3780,7.826327067
3781,4.948241792
3782,2.098813177
3783,2.788964982
3784,5.336543194
3785,30.55267869
3786,0.948927141
3787,4.66948138
3788,1.861399892
3789,0.541656603
3790,1.348353582
3791,0.277807731
3792,20.98792642
3793,4.472525738
3794,4.026134812
3795,3.795746224
3796,0.471039736
3797,18.48487571
3798,1.078531884
3799,12.0823845
3800,24.80546878
3801,2.811836397
3802,26.56619455
3803,0.904808817
3804,1.884532271
3805,5.7797266
3806,10.35488972
3807,10.26045065
3808,10.40822996
3809,18.09537442
3810,3.519400964
3811,16.18103947
3812,2.095371286
3813,8.427787818
3814,15.99644339
3815,20.79590003
3816,9.841049146
3817,9.286369555
3818,13.66935522
3819,19.95568224
3820,0.540878713
3821,4.918512433
3822,22.5938209
3823,21.55480519
3824,0.389638742
3825,2.915117312
3826,2.810130726
3827,9.649556209
3828,7.426642583
3829,13.93660599
3830,1.725746475
3831,10.04381003
3832,3.460284717
3833,3.402668058
3834,8.237426706
3835,15.05496141
3836,3.997603247
3837,1.809404198
3838,21.97162258
3839,13.51196006
3840,8.847625763
3841,1.050134977
3842,23.02190706
3843,2.87402975
3844,13.57611234
3845,1.683824375
3846,0.784477043
3847,10.62417972
3848,4.543474308
3849,29.63696198
3850,14.09917383
3851,26.26149905
3852,8.490634081
3853,1.415926478
3854,0.121253152
3855,13.7841035
3856,7.269876873
3857,17.22837901
3858,12.83124273
3859,2.027831517
3860,3.854393621
3861,28.13776614
3862,22.69740149
3863,1.323596954
3864,18.08266446
3865,0.99241997
3866,1.389040622
3867,16.48826991
3868,9.919457571
3869,4.212326855
3870,5.501986608
3871,5.171650346
3872,5.264239935
3873,20.70743756
3874,19.13774035
3875,0.206553359
3876,6.4569837
3877,5.737934185
3878,8.787141896
3879,0.21487272
3880,3.75748022
3881,17.11826308
3882,11.16535808
3883,6.175514558
3884,23.80113589
3885,32.3955293
3886,0.0561779
3887,1.774012314
3888,2.274177147
3889,8.330932184
3890,11.55214951
3891,1.49861291
3892,16.27347336
3893,3.005571745
3894,21.90256574
3895,9.716358399
3896,13.46179641
3897,22.36494372
3898,5.319807986
3899,9.092542585
3900,5.09726372
3901,0.299529457
3902,3.077497645
3903,6.29113117
3904,0.334078061
3905,8.700611453
3906,0.317131884
3907,35.34851259
3908,5.511491237
3909,15.72184583
3910,7.309338624
3911,30.46574022
3912,21.98001071
3913,4.563574709
3914,14.55860514
3915,23.27541238
3916,19.0767559
3917,8.098529652
3918,0.581216961
3919,2.393552012
3920,0.272879795
3921,3.417634407
3922,2.391377207
3923,4.162759581
3924,22.80462317
3925,0.443895823
3926,9.238110612
3927,1.838306697
3928,7.216059095
3929,0.423083873
3930,32.01142469
3931,3.362295933
3932,10.52711008
3933,3.888405208
3934,6.222461969
3935,0.872937904
3936,2.930551834
3937,0.045298396
3938,12.5359168
3939,12.25070571
3940,0.824279011
3941,0.221880413
3942,10.91715556
3943,5.374165528
3944,9.809900697
3945,15.78370566
3946,13.84145611
3947,14.37764702
3948,11.38542468
3949,28.93686153
3950,0.636772454
3951,10.20665586
3952,19.52960192
3953,17.91459542
3954,23.20392951
3955,12.22217746
3956,3.28755531
3957,14.13043053
3958,35.46650775
3959,27.0159537
3960,6.689069425
3961,7.475281893
3962,29.34210137
3963,5.614829016
3964,20.86887204
3965,23.08173387
3966,3.826588005
3967,7.947804454
3968,12.68303772
3969,14.84239181
3970,26.95170068
3971,24.25839976
3972,19.08488212
3973,18.44493839
3974,1.633919359
3975,4.748764075
3976,11.3749073
3977,1.421232891
3978,4.397283927
3979,25.9678711
3980,14.07274045
3981,25.43460807
3982,5.336543194
3983,2.612636001
3984,16.49594172
3985,25.3184022
3986,0.955034147
3987,7.659313336
3988,10.77484416
3989,17.07114309
3990,1.620409103
3991,3.365980337
3992,16.07533921
3993,11.14054009
3994,10.12625376
3995,14.95854273
3996,4.409939657
3997,30.0443448
3998,10.57588994
3999,27.3180164
4000,22.25039571
4001,13.7841035
4002,6.221519951
4003,3.376821794
4004,10.14905707
4005,17.91855929
4006,13.71975613
4007,1.966398372
4008,0.607254326
4009,3.365850033
4010,4.667688886
4011,4.551843262
4012,5.879706218
4013,3.324974075
4014,19.31150986
4015,7.23804658
4016,2.308784955
4017,6.355130156
4018,0.782417839
4019,2.168786021
4020,1.054274934
4021,1.799718847
4022,3.7321121
4023,12.54322923
4024,10.90006579
4025,10.73794604
4026,13.31448659
4027,20.01956466
4028,5.7289452
4029,4.230712671
4030,14.51562342
4031,4.044197842
4032,8.706272556
4033,15.962049
4034,13.49362857
4035,2.639204641
4036,11.25141143
4037,25.96319002
4038,2.446034536
4039,8.828246012
4040,21.85450634
4041,9.599909359
4042,3.536502189
4043,2.520597001
4044,2.448892233
4045,2.804850085
4046,10.98934591
4047,2.238320431
4048,17.58904226
4049,16.91436647
4050,14.35128882
4051,20.04690228
4052,24.82617806
4053,3.436436714
4054,8.31211283
4055,9.571453603
4056,10.1178072
4057,5.964136551
4058,6.274646221
4059,6.826452535
4060,14.51945863
4061,13.32650196
4062,24.92323375
4063,12.37231228
4064,22.20269864
4065,10.91377078
4066,16.57278596
4067,3.511600678
4068,5.130077486
4069,15.46134424
4070,9.058145849
4071,4.968067356
4072,22.1973313
4073,17.42987532
4074,3.010970957
4075,16.54802904
4076,7.430237085
4077,3.056559909
4078,10.74885068
4079,1.593639563
4080,2.341650233
4081,15.05686405
4082,19.95206856
4083,3.998472798
4084,9.549211583
4085,21.85450634
4086,7.423401375
4087,7.939291217
4088,13.51995741
4089,10.26045065
4090,5.484258376
4091,7.051161704
4092,15.0657788
4093,14.84173197
4094,2.76961165
4095,13.51995741
4096,29.41822408
4097,5.901322996
4098,4.124136915
4099,0.054787313
4100,3.35779048
4101,9.263930336
4102,7.520627209
4103,7.459842433
4104,17.01431855
4105,28.72502621
4106,6.703438284
4107,0.299768046
4108,31.25026227
4109,7.388943115
4110,3.07140172
4111,13.50416964
4112,12.67469523
4113,11.14570925
4114,1.346238433
4115,1.915779757
4116,17.42584983
4117,13.33856657
4118,6.074309466
4119,9.088296245
4120,5.967922777
4121,7.00462121
4122,6.987131257
4123,8.098387213
4124,14.24307397
4125,13.97532537
4126,5.075510148
4127,1.503474671
4128,0.179319071
4129,3.626088222
4130,19.57071721
4131,3.119294549
4132,10.7960296
4133,3.163491982
4134,22.17859388
4135,3.35259201
4136,12.72375053
4137,7.669742793
4138,5.035383183
4139,20.28064324
4140,2.607229403
4141,5.275812029
4142,2.211639145
4143,26.57254417
4144,10.88860793
4145,5.602800531
4146,1.489998713
4147,17.70111318
4148,20.26839452
4149,4.985024819
4150,8.80642347
4151,9.698063268
4152,9.852697453
4153,5.611544997
4154,26.34182476
4155,5.441795711
4156,2.72935216
4157,18.00124111
4158,7.101152995
4159,0.329269481
4160,28.87459697
4161,22.69029078
4162,25.6488746
4163,12.05192088
4164,23.81276494
4165,19.86711299
4166,11.80420298
4167,18.53628135
4168,9.118939771
4169,1.836520308
4170,7.586354632
4171,18.99193374
4172,1.159410206
4173,2.470156364
4174,3.333634211
4175,4.680869075
4176,8.289866141
4177,6.027332227
4178,8.946704518
4179,19.96372325
4180,11.89126205
4181,4.548834308
4182,2.243008643
4183,6.192697606
4184,16.52194367
4185,0.968760691
4186,3.709663342
4187,19.99700194
4188,5.744876257
4189,11.85424401
4190,14.44786339
4191,5.888137371
4192,5.437923734
4193,15.70154627
4194,0.694714761
4195,18.29465726
4196,12.78639512
4197,7.579775306
4198,8.899848742
4199,3.94549207
4200,3.218322288
4201,12.19386481
4202,20.76515526
4203,7.65310089
4204,6.293686327
4205,24.74263008
4206,3.664587392
4207,15.58987877
4208,15.44973888
4209,21.19577467
4210,20.47717985
4211,3.317246343
4212,18.08645412
4213,16.56311315
4214,23.38562569
4215,0.870485957
4216,1.565911747
4217,13.49188554
4218,6.080739297
4219,1.116602676
4220,29.05061759
4221,11.68622476
4222,15.51627167
4223,9.515801542
4224,19.61247958
4225,1.040686236
4226,17.96806855
4227,31.67682809
4228,12.40979251
4229,0.355167109
4230,8.306813359
4231,21.05371884
4232,23.1508081
4233,5.053626331
4234,7.969223657
4235,2.619344295
4236,9.689568095
4237,0.750659995
4238,8.062444822
4239,0.004157737
4240,7.575458915
4241,1.096148871
4242,14.07014097
4243,2.432525901
4244,4.452253269
4245,3.007615612
4246,16.43606247
4247,13.71767235
4248,17.32984878
4249,9.037240428
4250,24.94093259
4251,3.789617558
4252,33.27232295
4253,1.65664527
4254,0.472166525
4255,0.611582805
4256,7.679339327
4257,21.60067079
4258,9.484517819
4259,20.93927294
4260,6.228341302
4261,1.364848071
4262,7.286821753
4263,17.40215421
4264,21.55687111
4265,9.344326946
4266,8.031626735
4267,28.68088092
4268,0.797666754
4269,8.034666604
4270,22.96016707
4271,0.116135791
4272,5.614692037
4273,24.36370268
4274,3.386385754
4275,5.470463125
4276,29.93731073
4277,21.73338935
4278,19.90794438
4279,1.1124021
4280,0.223356763
4281,11.39103275
4282,19.37435695
4283,31.80428585
4284,5.263539574
4285,5.298068145
4286,10.82383582
4287,9.213717106
4288,9.200113742
4289,4.892412465
4290,1.687325135
4291,22.69913048
4292,3.203651622
4293,2.570631613
4294,20.39348285
4295,15.07570251
4296,14.15247421
4297,0.921712775
4298,2.542512588
4299,16.32240168
4300,1.349552527
4301,4.29456353
4302,22.77968658
4303,2.901574446
4304,14.62961556
4305,23.05032025
4306,1.073081501
4307,4.461392871
4308,12.29846058
4309,1.633979059
4310,3.828575812
4311,5.713648894
4312,12.74419598
4313,13.29229876
4314,4.461087449
4315,22.26309595
4316,19.60253419
4317,9.428114109
4318,6.596048595
4319,9.216661258
4320,17.18406904
4321,3.138085807
4322,13.79193423
4323,12.88657248
4324,3.291977887
4325,25.06948242
4326,3.437211354
4327,4.957288413
4328,19.50969071
4329,21.89511642
4330,15.08178126
4331,10.57351513
4332,1.581586345
4333,2.53034779
4334,7.238832103
4335,2.309089719
4336,19.33345763
4337,3.577430165
4338,4.793202526
4339,18.12590117
4340,12.70322163
4341,8.367845332
4342,16.29508913
4343,11.24461255
4344,4.347668484
4345,16.2608667
4346,35.51546644
4347,27.68992865
4348,4.30251675
4349,1.230895586
4350,5.335099983
4351,2.954806927
4352,2.047845283
4353,4.066703219
4354,12.30384457
4355,6.256140716
4356,17.66436243
4357,12.12246934
4358,1.004470021
4359,0.584302546
4360,4.37896787
4361,11.76764475
4362,24.54918233
4363,3.384241624
4364,18.19076075
4365,13.61507056
4366,8.020575316
4367,17.43997426
4368,1.951424492
4369,14.87880477
4370,14.69665062
4371,7.581122272
4372,18.63672855
4373,6.052681826
4374,5.454553756
4375,2.887520351
4376,4.992360492
4377,14.79065662
4378,32.03954218
4379,13.50074378
4380,3.81237916
4381,16.97330133
4382,6.223815066
4383,6.434770923
4384,6.149813148
4385,28.28750126
4386,15.30333224
4387,23.21919138
4388,7.634699643
4389,11.92783621
4390,24.68705543
4391,14.93865674
4392,11.18451338
4393,21.2335987
4394,22.81057262
4395,8.544562557
4396,14.69076324
4397,8.56629567
4398,28.65570657
4399,30.2924774
4400,2.780971264
4401,0.629606146
4402,0.091566417
4403,15.26259409
4404,0.729844472
4405,1.826387456
4406,0.294376877
4407,13.97366945
4408,0.057678952
4409,10.86115406
4410,17.99607677
4411,16.93319977
4412,19.49693182
4413,0.154509648
4414,19.26879275
4415,15.37518631
4416,2.282102168
4417,19.01602325
4418,0.087115624
4419,14.76136045
4420,4.087096476
4421,19.92969649
4422,28.82877375
4423,20.23768089
4424,2.281247915
4425,11.1984768
4426,1.018023003
4427,2.946287858
4428,31.1690512
4429,17.56535987
4430,11.65063123
4431,15.79054332
4432,2.728474062
4433,10.97832672
4434,29.38661398
4435,4.036941367
4436,12.48926594
4437,0.240493647
4438,4.288277235
4439,6.407617889
4440,2.774616854
4441,10.0723552
4442,7.266444186
4443,5.504734281
4444,15.55151771
4445,5.463392194
4446,16.2724336
4447,0.349834887
4448,13.35518126
4449,2.873333288
4450,1.533967479
4451,17.72628554
4452,10.34258796
4453,3.835132761
4454,22.68926238
4455,5.73806793
4456,5.471274626
4457,0.282495097
4458,11.20287361
4459,8.412001108
4460,13.75716711
4461,16.13265598
4462,7.716349474
4463,0.637406103
4464,10.15450318
4465,18.73680576
4466,29.7647226
4467,2.379727784
4468,10.91715556
4469,14.13914507
4470,4.320811889
4471,22.96240605
4472,15.44460586
4473,9.916528017
4474,18.06009728
4475,0.860839319
4476,12.11585058
4477,0.646614204
4478,2.226663904
4479,20.52983365
4480,9.959565616
4481,9.797922475
4482,25.29630722
4483,5.745794147
4484,4.601058627
4485,5.077285516
4486,13.51440408
4487,8.424909208
4488,17.11476697
4489,2.658028361
4490,0.764121959
4491,0.926390959
4492,7.074141155
4493,4.791467661
4494,11.45556444
4495,11.98087249
4496,17.81285899
4497,9.870439946
4498,2.09500524
4499,7.792527295
4500,13.33557937
4501,1.016121337
4502,2.470353605
4503,3.972914426
4504,12.41819008
4505,7.336436621
4506,16.20826707
4507,5.677736476
4508,7.857082924
4509,15.21424041
4510,21.12523775
4511,15.13342549
4512,0.195494623
4513,9.618664812
4514,10.3121697
4515,4.226224574
4516,23.72984712
4517,12.2976778
4518,8.933751127
4519,0.37883979
4520,3.379533232
4521,20.24996734
4522,5.542791883
4523,2.03110852
4524,12.3275284
4525,6.18189258
4526,6.293686327
4527,5.577723482
4528,7.077024297
4529,4.2205872
4530,2.587008064
4531,23.89043019
4532,9.780580969
4533,0.559853498
4534,8.070272178
4535,25.55773221
4536,12.22441364
4537,7.76603666
4538,22.40851534
4539,11.88479912
4540,10.2371902
4541,17.98604304
4542,23.43346504
4543,5.169930937
4544,6.376610167
4545,7.283176557
4546,26.74381673
4547,0.683980381
4548,13.37950318
4549,12.25791645
4550,11.02495953
4551,1.913139969
4552,18.38674214
4553,17.54288887
4554,2.827944816
4555,14.44078255
4556,5.347795657
4557,7.397513257
4558,16.99426991
4559,5.696148203
4560,23.8609957
4561,2.389547324
4562,24.47682127
4563,5.851056313
4564,5.333085011
4565,1.4816576
4566,9.353278998
4567,20.66214189
4568,13.05071856
4569,7.255465583
4570,1.980122768
4571,14.95634219
4572,7.431621118
4573,20.16399433
4574,3.57171719
4575,0.745363502
4576,2.113911722
4577,2.075114202
4578,3.352576488
4579,38.07670658
4580,13.65494229
4581,14.82131129
4582,2.369980762
4583,21.23038273
4584,0.781455813
4585,16.87006614
4586,4.348052066
4587,22.09820867
4588,10.79102778
4589,3.814834133
4590,3.137259159
4591,17.3152109
4592,2.577622307
4593,14.34436564
4594,8.637749202
4595,5.295833662
4596,0.299517964
4597,7.220567041
4598,8.215491886
4599,2.063071522
4600,2.850492203
4601,3.869246751
4602,7.095864962
4603,0.829910971
4604,25.18796635
4605,6.163792023
4606,12.04109102
4607,23.45901089
4608,1.588456071
4609,24.83544338
4610,9.641872868
4611,3.740375447
4612,7.517358372
4613,15.95987954
4614,1.04905072
4615,25.72061928
4616,7.777562795
4617,20.0672953
4618,13.22034814
4619,16.48106469
4620,19.56323381
4621,16.53025313
4622,13.30540368
4623,2.626884941
4624,1.934862688
4625,3.231983578
4626,1.593039412
4627,3.804285192
4628,9.424140304
4629,13.85130116
4630,4.645519095
4631,0.018021682
4632,15.03008702
4633,15.44142585
4634,23.40940245
4635,3.912491727
4636,11.12693057
4637,3.835132761
4638,6.692703324
4639,14.21905731
4640,0.312662744
4641,25.35874704
4642,24.59359637
4643,6.84784059
4644,8.531896077
4645,0.872937904
4646,3.295710098
4647,13.24011994
4648,11.16636903
4649,28.82216438
4650,14.04892376
4651,3.603238137
4652,5.938377136
4653,16.21312392
4654,16.2458612
4655,5.634566141
4656,10.12416821
4657,15.00893054
4658,16.88985166
4659,5.045587456
4660,3.954127325
4661,5.471274626
4662,2.303116273
4663,0.095235218
4664,14.06201671
4665,5.842802838
4666,21.04466183
4667,1.32026907
4668,16.3991869
4669,31.49683822
4670,3.462085188
4671,3.987155645
4672,18.0982615
4673,19.31275958
4674,1.082002286
4675,3.162122896
4676,27.17271988
4677,4.256380215
4678,5.416328685
4679,6.205976617
4680,5.439740699
4681,3.910875403
4682,10.10495864
4683,11.36061381
4684,12.16371595
4685,9.068649881
4686,2.49296591
4687,0.747787955
4688,0.608715608
4689,2.686376614
4690,19.98220158
4691,13.73466101
4692,0.343021975
4693,0.254907848
4694,17.88735784
4695,7.088101652
4696,19.87469823
4697,0.246626687
4698,3.009473216
4699,3.5441102
4700,7.503087252
4701,18.2944996
4702,25.50238785
4703,15.68194266
4704,13.64788221
4705,22.2925336
4706,15.81344915
4707,13.19369569
4708,3.804870872
4709,6.10267482
4710,2.938540235
4711,9.829219015
4712,1.783186656
4713,0.476839783
4714,11.08859785
4715,8.008587697
4716,12.4582027
4717,12.15448269
4718,13.28370582
4719,8.025349551
4720,18.10582315
4721,26.99210804
4722,22.98128508
4723,22.40260037
4724,26.36290128
4725,30.49185731
4726,11.6135673
4727,6.06386509
4728,0.673455723
4729,22.12189438
4730,9.23423476
4731,0.962737452
4732,3.834919479
4733,2.580038334
4734,16.47434849
4735,1.30410761
4736,8.421736641
4737,4.857437948
4738,0.656322842
4739,3.454733813
4740,8.951074809
4741,21.42369271
4742,20.94199117
4743,3.642770626
4744,9.142657688
4745,1.101241562
4746,2.379692508
4747,8.250210548
4748,11.73886364
4749,10.20555552
4750,11.33949951
4751,17.55789043
4752,3.750788057
4753,9.431704167
4754,0.659129239
4755,2.728547028
4756,0.136979241
4757,1.977545496
4758,2.869943309
4759,8.43681699
4760,6.936776432
4761,8.757459005
4762,2.45169238
4763,15.89898427
4764,2.844781781
4765,16.48169122
4766,2.487433712
4767,3.835772058
4768,4.049995111
4769,12.21848736
4770,4.565127697
4771,15.271904
4772,2.662163112
4773,5.096752821
4774,7.568522843
4775,23.24145214
4776,15.92953921
4777,6.311919343
4778,12.11133772
4779,10.42240214
4780,5.58156531
4781,3.740791057
4782,5.864196246
4783,15.9872341
4784,9.808864478
4785,12.21948462
4786,0.175223371
4787,9.098407007
4788,21.16049406
4789,13.28421035
4790,4.957342897
4791,22.96337199
4792,15.81177735
4793,10.4783707
4794,13.85762147
4795,20.44513116
4796,12.12628467
4797,1.712021629
4798,17.71228487
4799,7.961752075
4800,3.431512062
4801,0.856264689
4802,3.812888271
4803,7.337597434
4804,22.12189438
4805,2.930237383
4806,5.433787318
4807,1.436416862
4808,5.336543194
4809,2.23144565
4810,12.03410933
4811,0.910222236
4812,6.294268635
4813,18.90987672
4814,5.224879122
4815,1.687213917
4816,16.20595173
4817,13.11419486
4818,0.669233163
4819,11.22605965
4820,6.763292838
4821,32.86618783
4822,15.95550211
4823,25.29329865
4824,20.93051276
4825,4.215837114
4826,28.56143625
4827,15.23969281
4828,2.224580961
4829,22.21337746
4830,13.0693737
4831,12.97388212
4832,1.629768247
4833,19.57729945
4834,4.285764038
4835,16.65941904
4836,8.80642347
4837,13.24506491
4838,5.543452407
4839,22.60104755
4840,21.64875639
4841,11.6537742
4842,2.715890152
4843,3.686811019
4844,3.880582497
4845,13.15423224
4846,10.28782685
4847,5.506567799
4848,10.14153949
4849,11.78354319
4850,0.060978993
4851,9.086136103
4852,1.309657971
4853,5.112477483
4854,0.221393841
4855,3.154312878
4856,13.69419829
4857,10.39572158
4858,26.9032658
4859,23.24321103
4860,22.16710878
4861,28.74742931
4862,6.594939364
4863,5.803004657
4864,14.76309961
4865,9.735179357
4866,21.72306839
4867,1.429384459
4868,30.38198097
4869,10.73227787
4870,9.524521685
4871,9.13356666
4872,4.87944281
4873,19.09804933
4874,5.711581081
4875,2.346704157
4876,19.21813607
4877,5.087037655
4878,13.55722239
4879,17.16670942
4880,19.77867495
4881,25.87362658
4882,17.6896276
4883,3.657844732
4884,1.372929876
4885,19.75072109
4886,20.89418039
4887,12.17995494
4888,5.001225741
4889,18.36111225
4890,0.839889687
4891,3.420554842
4892,15.77399659
4893,17.68244588
4894,1.978003092
4895,5.631685396
4896,11.5892949
4897,21.04805869
4898,4.014216496
4899,12.90287344
4900,3.989065596
4901,14.77320065
4902,17.46227431
4903,30.49886839
4904,18.03772477
4905,4.955298678
4906,14.57246553
4907,1.993099581
4908,7.021194642
4909,23.12825507
4910,28.3173559
4911,11.59685583
4912,4.446875096
4913,12.61089292
4914,10.60123974
4915,19.66706126
4916,16.21367563
4917,24.02043488
4918,20.2467407
4919,16.67911568
4920,8.125151181
4921,2.752178535
4922,29.51976309
4923,3.195470968
4924,6.416597067
4925,5.816547058
4926,2.87402975
4927,0.5921707
4928,14.80366887
4929,2.234440951
4930,4.372175598
4931,11.49386725
4932,2.548471856
4933,11.10935612
4934,0.568816019
4935,4.924397629
4936,1.233702134
4937,0.758984937
4938,8.542383987
4939,21.07930234
4940,23.53771406
4941,5.193459877
4942,1.54344668
4943,10.73996551
4944,29.63220763
4945,7.051234547
4946,14.29967567
4947,14.40464715
4948,8.098529652
4949,5.515724522
4950,13.80693507
4951,26.094669
4952,3.364527159
4953,11.1245307
4954,15.19577476
4955,29.08723735
4956,3.405415538
4957,2.444706985
4958,18.404276
4959,6.396186393
4960,4.221071464
4961,7.922218349
4962,14.21856996
4963,12.47284042
4964,21.12523775
4965,9.362452314
4966,18.15709594
4967,0.989898693
4968,1.848317251
4969,12.98945101
4970,0.842894667
4971,13.34249118
4972,17.04889028
4973,11.79009007
4974,19.73364541
4975,12.73824074
4976,21.81935207
4977,19.25008151
4978,11.80420298
4979,12.53492993
4980,9.400107427
4981,4.011049636
4982,10.68647994
4983,11.31300789
4984,18.58205807
4985,19.42446386
4986,22.23061219
4987,4.141641728
4988,18.16502487
4989,0.147459764
4990,4.714136215
4991,1.137895929
4992,15.19484615
4993,3.324878486
4994,3.337105011
4995,5.949543864
4996,8.344239165
4997,0.109808217
4998,0.714464889
4999,15.97419656
5000,4.782138056
5001,3.419005947
5002,14.08958931
5003,2.073990068
5004,14.64848753
5005,19.81001566
5006,15.99676859
5007,18.39681806
5008,23.70362453
5009,7.138193679
5010,6.07483371
5011,2.18552385
5012,23.07040648
5013,19.11954749
5014,3.487183973
5015,30.01065688
5016,20.99291884
5017,11.26005747
5018,1.489839367
5019,9.992067936
5020,4.869577348
5021,18.84489882
5022,25.52349308
5023,2.733529984
5024,12.74777707
5025,9.164331531
5026,35.30657427
5027,20.33496224
5028,1.611961364
5029,6.618773201
5030,1.537876941
5031,5.101165689
5032,15.35204399
5033,11.80420298
5034,11.88501879
5035,12.54322923
5036,22.12189438
5037,0.794519991
5038,1.304943236
5039,1.828235772
5040,23.45225801
5041,6.893540042
5042,7.380170665
5043,0.259067782
5044,15.92992317
5045,26.27392138
5046,9.960104272
5047,21.38592577
5048,5.328333109
5049,2.947056932
5050,1.192768359
5051,7.081342649
5052,6.118579019
5053,10.62142054
5054,1.799687962
5055,10.62806522
5056,17.94684817
5057,27.99505479
5058,13.17016212
5059,4.390789367
5060,10.93791546
5061,21.7879784
5062,28.56903327
5063,19.38144571
5064,6.704346957
5065,31.73322831
5066,21.39058575
5067,18.41491941
5068,2.689708364
5069,6.343918352
5070,2.506847472
5071,19.11083387
5072,5.2385446
5073,7.190957644
5074,23.43057881
5075,24.55856877
5076,10.56493821
5077,2.514883666
5078,15.16832972
5079,11.00115543
5080,3.498429266
5081,0.067063966
5082,20.73768581
5083,4.535318637
5084,3.69696007
5085,20.61174857
5086,1.365997529
5087,16.81712953
5088,14.11664366
5089,17.92516951
5090,17.64498768
5091,9.645412397
5092,6.26516804
5093,33.35719995
5094,8.103093282
5095,22.24120276
5096,19.83514798
5097,13.11704756
5098,2.620022451
5099,0.5879
5100,5.361256805
5101,0.337427675
5102,12.74482419
5103,21.06189363
5104,9.075378603
5105,14.31982048
5106,15.15849171
5107,2.811550058
5108,6.94269961
5109,5.73486018
5110,10.91145349
5111,3.240023923
5112,3.59132853
5113,2.549701208
5114,12.09362191
5115,20.72871299
5116,11.29813133
5117,5.270533827
5118,22.4635727
5119,13.90463357
5120,4.229919837
5121,10.91377078
5122,3.49990815
5123,4.349452332
5124,3.207506904
5125,23.27295829
5126,12.01537946
5127,23.55131838
5128,21.97032571
5129,4.552181531
5130,0.855222301
5131,5.909102446
5132,6.349880681
5133,2.463011515
5134,0.28637167
5135,23.28248355
5136,33.72733979
5137,3.804232209
5138,16.67654813
5139,13.02124052
5140,3.506686764
5141,7.120564901
5142,3.566142776
5143,9.548147486
5144,9.292100265
5145,2.760557052
5146,6.880145191
5147,0.485266791
5148,22.40432828
5149,2.361743689
5150,1.429310003
5151,5.803457888
5152,2.040679871
5153,11.58772
5154,1.588792029
5155,0.043558558
5156,1.616517542
5157,3.750117494
5158,3.031965607
5159,22.98398615
5160,13.74237087
5161,10.85596989
5162,1.16084693
5163,1.912864726
5164,0.029156717
5165,10.88018454
5166,2.99200459
5167,20.7712696
5168,10.69677662
5169,10.34945229
5170,18.69836757
5171,32.59860936
5172,0.548555428
5173,1.619518173
5174,12.12268134
5175,4.948241792
5176,10.60850146
5177,8.166631117
5178,2.851683936
5179,4.066846039
5180,5.138240515
5181,14.74009441
5182,20.86057111
5183,7.816828929
5184,5.520874726
5185,26.49446048
5186,5.097202248
5187,4.17869108
5188,8.05176216
5189,9.637106144
5190,4.945879682
5191,4.713715809
5192,0.732960947
5193,8.025780246
5194,8.047789161
5195,3.007615612
5196,22.76070441
5197,4.585843907
5198,1.351191908
5199,15.84655343
5200,1.423122043
5201,7.686757554
5202,12.15694467
5203,21.2404478
5204,11.25700459
5205,3.30964154
5206,15.2581754
5207,2.938813971
5208,8.090480151
5209,13.91143997
5210,8.922498664
5211,0.50113054
5212,0.37565374
5213,0.142151705
5214,2.164032594
5215,9.794513453
5216,7.079727659
5217,3.593545154
5218,13.97616279
5219,6.52426125
5220,29.77401571
5221,2.432935376
5222,5.396233812
5223,1.606881128
5224,1.599884207
5225,17.90628911
5226,2.384590034
5227,16.38012921
5228,11.06769763
5229,4.909628904
5230,1.085878588
5231,13.67062371
5232,2.662781557
5233,4.158319667
5234,2.845678374
5235,4.785417272
5236,4.988931425
5237,7.341514777
5238,9.090724665
5239,23.14387988
5240,10.92680879
5241,19.79142967
5242,7.179926195
5243,12.59807229
5244,4.469227244
5245,29.37793737
5246,3.725541872
5247,32.58288854
5248,10.33257574
5249,20.64951801
5250,18.21921263
5251,4.015858678
5252,17.81248369
5253,4.277121913
5254,16.70547552
5255,6.444649712
5256,2.949470674
5257,0.869083356
5258,21.31902024
5259,16.28775648
5260,4.080141465
5261,22.29970898
5262,25.90754911
5263,15.02713889
5264,3.611859416
5265,1.840177523
5266,8.295126901
5267,13.0925704
5268,13.88479158
5269,16.21130106
5270,0.062175525
5271,21.87088429
5272,10.41132506
5273,13.01744667
5274,5.712623663
5275,0.180028728
5276,4.098666601
5277,5.028176128
5278,11.53473773
5279,17.58172699
5280,13.53996694
5281,2.408890179
5282,10.39729561
5283,1.087016027
5284,17.19208943
5285,11.37984572
5286,0.389051128
5287,16.15845606
5288,16.17343938
5289,2.343813667
5290,26.75105165
5291,6.105550927
5292,11.84803318
5293,2.905994758
5294,16.18143826
5295,3.556685175
5296,2.738684494
5297,19.06993183
5298,3.795973418
5299,6.563849308
5300,1.21931632
5301,11.43854351
5302,11.5050837
5303,0.464146899
5304,1.97220131
5305,3.492700989
5306,0.069936229
5307,14.40653312
5308,10.20529958
5309,1.111127066
5310,2.996831664
5311,8.396928925
5312,8.953630903
5313,2.10096459
5314,3.589678076
5315,15.63280181
5316,14.53947887
5317,6.168532085
5318,1.764863979
5319,0.832520514
5320,2.413156549
5321,5.434204381
5322,7.473590482
5323,14.32474113
5324,6.016257999
5325,19.58533632
5326,16.20492451
5327,18.28680222
5328,16.37556482
5329,5.43666769
5330,12.0018958
5331,1.199596503
5332,2.115761264
5333,14.29856392
5334,1.80158271
5335,29.02998275
5336,1.415421836
5337,15.00985479
5338,0.748579369
5339,0.320086176
5340,19.06687778
5341,5.28804983
5342,4.29620967
5343,8.024023764
5344,17.12745802
5345,26.29801054
5346,14.83250545
5347,22.98555198
5348,4.251662491
5349,26.16884471
5350,3.957784851
5351,10.17796572
5352,9.90664643
5353,20.68979169
5354,6.462832078
5355,2.576749416
5356,8.550094829
5357,10.45783966
5358,7.578673315
5359,12.39861525
5360,3.905651256
5361,0.197886639
5362,15.29881529
5363,6.960451999
5364,1.250757309
5365,2.866030485
5366,21.53282316
5367,25.16019904
5368,15.55402525
5369,3.984909883
5370,3.25787507
5371,7.150291809
5372,8.580164024
5373,0.587055595
5374,1.40982802
5375,5.156904699
5376,16.24202711
5377,35.16863469
5378,17.98905102
5379,1.11793084
5380,4.894318629
5381,5.35889729
5382,9.477451486
5383,1.476788521
